Source,Target,Weight
5uppps,BadBoyHalo,8
5uppps,CORPSE,4
5uppps,ConnorEatsPants,7
5uppps,Corpse_Husband,7
5uppps,CptPuffy,7
5uppps,Dream,10
5uppps,Dream__Fanart,5
5uppps,Eret,5
5uppps,FundyLive,8
5uppps,GeorgeNootFound,9
5uppps,GeorgeNotFound,13
5uppps,JackManifoldTV,9
5uppps,Jacksepticeye,3
5uppps,JustaMinx,8
5uppps,KEEMSTAR,3
5uppps,KarlJacobs_,8
5uppps,LVJYonline,4
5uppps,LilNasX,3
5uppps,MCChampionship_,10
5uppps,Minecraft,8
5uppps,MrBeast,7
5uppps,Nihaachu,9
5uppps,Ninja,3
5uppps,NotAntfrost,7
5uppps,Ph1LzA,12
5uppps,Punztw,10
5uppps,Quackity,9
5uppps,Ranboosaysstuff,13
5uppps,Skeppy,5
5uppps,Slimecicle,7
5uppps,Smajor1995,8
5uppps,Sneegsnag,6
5uppps,Spifeyy,5
5uppps,TapLHarV,7
5uppps,Technothepig,7
5uppps,TubboLive,13
5uppps,TubboTWO,6
5uppps,Twitch,3
5uppps,Twitter,3
5uppps,VelvetIsCake,7
5uppps,WilburSoot,10
5uppps,aimseytv,4
5uppps,bearbubb,3
5uppps,cupTWOst,4
5uppps,cuptoast,4
5uppps,discord,5
5uppps,dreamhangout,4
5uppps,dreamsecretclub,4
5uppps,dreamwastaken,12
5uppps,dreamwastaken2,4
5uppps,honkkarl,7
5uppps,jschlatt,6
5uppps,nathansmokee,4
5uppps,pleasedshibe1,7
5uppps,pokimanelol,6
5uppps,ppredictors,3
5uppps,quackity4k,9
5uppps,ranaltboo,11
5uppps,sapnap,8
5uppps,sapnapalt,10
5uppps,smpupdate,5
5uppps,sniffalt,5
5uppps,snifferish,5
5uppps,tommyaltinnit,9
5uppps,tommyinnit,13
5uppps,youtooz,7
8lairrr,CrankGameplays,3
8lairrr,CreateTeen,10
8lairrr,Dream,3
8lairrr,GarrettG,3
8lairrr,Hannahiku,7
8lairrr,JustaMinx,3
8lairrr,MCChampionship_,3
8lairrr,Minecraft,4
8lairrr,MrBeast,5
8lairrr,ProbablyKaz,4
8lairrr,RLEsports,3
8lairrr,ShquareSMP,10
8lairrr,SquidGameEvent,4
8lairrr,Technothepig,4
8lairrr,Twitch,3
8lairrr,WilburSoot,3
8lairrr,YouTube,3
8lairrr,dreamwastaken,6
8lairrr,hannahm130,7
8lairrr,markiplier,3
8lairrr,nebbiiee,14
8lairrr,pleasedshibe1,18
8lairrr,sapnap,3
8lairrr,spoon_ahhh,8
8lairrr,willcreated,3
8lairrr,youtooz,3
BadBoyHalo,CORPSE,9
BadBoyHalo,CallMeCarsonYT,6
BadBoyHalo,ConnorEatsPants,11
BadBoyHalo,Corpse_Husband,17
BadBoyHalo,CptPuffy,20
BadBoyHalo,CrankGameplays,7
BadBoyHalo,Dream,34
BadBoyHalo,Dream__Fanart,10
BadBoyHalo,Eret,8
BadBoyHalo,FundyLive,17
BadBoyHalo,Gav1nLIVE,3
BadBoyHalo,GeorgeNootFound,31
BadBoyHalo,GeorgeNotFound,31
BadBoyHalo,Hannahiku,4
BadBoyHalo,IGN,4
BadBoyHalo,JackManifoldTV,19
BadBoyHalo,Jacksepticeye,7
BadBoyHalo,JustaMinx,12
BadBoyHalo,KarlJacobs_,29
BadBoyHalo,LVJYonline,9
BadBoyHalo,LilNasX,4
BadBoyHalo,MCChampionship_,29
BadBoyHalo,Minecraft,14
BadBoyHalo,MrBeast,24
BadBoyHalo,Nihaachu,25
BadBoyHalo,Ninja,5
BadBoyHalo,NotAntfrost,16
BadBoyHalo,Ph1LzA,22
BadBoyHalo,Pikaclicks,7
BadBoyHalo,PlanetDuckk,8
BadBoyHalo,ProbablyKaz,3
BadBoyHalo,Punztw,17
BadBoyHalo,Quackity,30
BadBoyHalo,Ranboosaysstuff,30
BadBoyHalo,Skeppy,19
BadBoyHalo,Slimecicle,13
BadBoyHalo,Smajor1995,19
BadBoyHalo,Sneegsnag,9
BadBoyHalo,Spifeyy,12
BadBoyHalo,TapLHarV,19
BadBoyHalo,Technothepig,18
BadBoyHalo,TubboLive,29
BadBoyHalo,TubboTWO,17
BadBoyHalo,Twitch,6
BadBoyHalo,TwitchSupport,7
BadBoyHalo,Twitter,8
BadBoyHalo,VelvetIsCake,17
BadBoyHalo,WilburSoot,23
BadBoyHalo,YouTube,8
BadBoyHalo,aimseytv,8
BadBoyHalo,bearbubb,11
BadBoyHalo,cupTWOst,8
BadBoyHalo,cuptoast,8
BadBoyHalo,discord,7
BadBoyHalo,dreamhangout,14
BadBoyHalo,dreamsecretclub,14
BadBoyHalo,dreamwastaken,39
BadBoyHalo,dreamwastaken2,12
BadBoyHalo,elonmusk,4
BadBoyHalo,honkkarl,23
BadBoyHalo,jschlatt,15
BadBoyHalo,markiplier,5
BadBoyHalo,mcLIVESMP,4
BadBoyHalo,nathansmokee,8
BadBoyHalo,nebbiiee,3
BadBoyHalo,pisolive,4
BadBoyHalo,pleasedshibe1,14
BadBoyHalo,pokimanelol,10
BadBoyHalo,ppredictors,12
BadBoyHalo,quackity4k,30
BadBoyHalo,ranaltboo,22
BadBoyHalo,realDonaldTrump,4
BadBoyHalo,sapnap,26
BadBoyHalo,sapnapalt,31
BadBoyHalo,smpupdate,15
BadBoyHalo,sniffalt,13
BadBoyHalo,snifferish,16
BadBoyHalo,spoon_ahhh,4
BadBoyHalo,tommyaltinnit,23
BadBoyHalo,tommyinnit,35
BadBoyHalo,willcreated,4
BadBoyHalo,youtooz,15
CORPSE,CallMeCarsonYT,4
CORPSE,ConnorEatsPants,7
CORPSE,Corpse_Husband,11
CORPSE,CptPuffy,8
CORPSE,Dream,15
CORPSE,Dream__Fanart,6
CORPSE,Eret,6
CORPSE,FundyLive,5
CORPSE,GeorgeNootFound,14
CORPSE,GeorgeNotFound,14
CORPSE,JackManifoldTV,12
CORPSE,Jacksepticeye,3
CORPSE,JustaMinx,6
CORPSE,KarlJacobs_,15
CORPSE,LVJYonline,8
CORPSE,MCChampionship_,16
CORPSE,Minecraft,7
CORPSE,MrBeast,9
CORPSE,Nihaachu,10
CORPSE,NotAntfrost,8
CORPSE,Ph1LzA,11
CORPSE,PlanetDuckk,8
CORPSE,ProbablyKaz,3
CORPSE,Punztw,9
CORPSE,Quackity,14
CORPSE,Ranboosaysstuff,16
CORPSE,Skeppy,6
CORPSE,Slimecicle,11
CORPSE,Smajor1995,8
CORPSE,Sneegsnag,9
CORPSE,Spifeyy,5
CORPSE,TapLHarV,5
CORPSE,Technothepig,4
CORPSE,TubboLive,16
CORPSE,TubboTWO,12
CORPSE,Twitch,5
CORPSE,TwitchSupport,3
CORPSE,Twitter,4
CORPSE,VelvetIsCake,10
CORPSE,WilburSoot,12
CORPSE,aimseytv,4
CORPSE,bearbubb,5
CORPSE,cupTWOst,3
CORPSE,dreamhangout,5
CORPSE,dreamsecretclub,7
CORPSE,dreamwastaken,19
CORPSE,honkkarl,12
CORPSE,jschlatt,3
CORPSE,nathansmokee,4
CORPSE,pisolive,5
CORPSE,pleasedshibe1,8
CORPSE,pokimanelol,4
CORPSE,ppredictors,3
CORPSE,quackity4k,14
CORPSE,ranaltboo,13
CORPSE,sapnap,11
CORPSE,sapnapalt,14
CORPSE,smpupdate,4
CORPSE,sniffalt,4
CORPSE,snifferish,7
CORPSE,spoon_ahhh,3
CORPSE,tommyaltinnit,15
CORPSE,tommyinnit,17
CORPSE,youtooz,7
CallMeCarsonYT,ConnorEatsPants,7
CallMeCarsonYT,Corpse_Husband,5
CallMeCarsonYT,CptPuffy,4
CallMeCarsonYT,CrankGameplays,3
CallMeCarsonYT,Dream,7
CallMeCarsonYT,Dream__Fanart,3
CallMeCarsonYT,FundyLive,4
CallMeCarsonYT,GeorgeNootFound,4
CallMeCarsonYT,GeorgeNotFound,3
CallMeCarsonYT,IGN,3
CallMeCarsonYT,JackManifoldTV,4
CallMeCarsonYT,Jacksepticeye,3
CallMeCarsonYT,JustaMinx,3
CallMeCarsonYT,KEEMSTAR,3
CallMeCarsonYT,KarlJacobs_,6
CallMeCarsonYT,LVJYonline,3
CallMeCarsonYT,LilNasX,3
CallMeCarsonYT,MCChampionship_,7
CallMeCarsonYT,Minecraft,3
CallMeCarsonYT,MrBeast,7
CallMeCarsonYT,Nihaachu,4
CallMeCarsonYT,Ninja,5
CallMeCarsonYT,NotAntfrost,3
CallMeCarsonYT,Ph1LzA,6
CallMeCarsonYT,Punztw,3
CallMeCarsonYT,Quackity,8
CallMeCarsonYT,Ranboosaysstuff,5
CallMeCarsonYT,Skeppy,4
CallMeCarsonYT,Slimecicle,6
CallMeCarsonYT,Smajor1995,3
CallMeCarsonYT,Spifeyy,3
CallMeCarsonYT,Spotify,4
CallMeCarsonYT,TapLHarV,6
CallMeCarsonYT,Technothepig,6
CallMeCarsonYT,TubboLive,6
CallMeCarsonYT,TubboTWO,3
CallMeCarsonYT,Twitch,5
CallMeCarsonYT,Twitter,3
CallMeCarsonYT,VelvetIsCake,4
CallMeCarsonYT,WilburSoot,5
CallMeCarsonYT,YouTube,5
CallMeCarsonYT,cuptoast,3
CallMeCarsonYT,discord,6
CallMeCarsonYT,dreamhangout,5
CallMeCarsonYT,dreamwastaken,8
CallMeCarsonYT,dreamwastaken2,4
CallMeCarsonYT,elonmusk,3
CallMeCarsonYT,honkkarl,6
CallMeCarsonYT,jschlatt,6
CallMeCarsonYT,markiplier,4
CallMeCarsonYT,pisolive,3
CallMeCarsonYT,pleasedshibe1,5
CallMeCarsonYT,pokimanelol,6
CallMeCarsonYT,ppredictors,3
CallMeCarsonYT,quackity4k,4
CallMeCarsonYT,realDonaldTrump,3
CallMeCarsonYT,sapnap,4
CallMeCarsonYT,sapnapalt,4
CallMeCarsonYT,tommyaltinnit,5
CallMeCarsonYT,tommyinnit,8
CallMeCarsonYT,youtooz,6
ConnorEatsPants,Corpse_Husband,7
ConnorEatsPants,CptPuffy,7
ConnorEatsPants,CrankGameplays,3
ConnorEatsPants,Dream,16
ConnorEatsPants,Dream__Fanart,5
ConnorEatsPants,Eret,6
ConnorEatsPants,FundyLive,9
ConnorEatsPants,GeorgeNootFound,13
ConnorEatsPants,GeorgeNotFound,14
ConnorEatsPants,JackManifoldTV,11
ConnorEatsPants,Jacksepticeye,4
ConnorEatsPants,JustaMinx,12
ConnorEatsPants,KEEMSTAR,4
ConnorEatsPants,KarlJacobs_,12
ConnorEatsPants,LVJYonline,5
ConnorEatsPants,LilNasX,3
ConnorEatsPants,MCChampionship_,13
ConnorEatsPants,Minecraft,6
ConnorEatsPants,MrBeast,10
ConnorEatsPants,Nihaachu,11
ConnorEatsPants,Ninja,8
ConnorEatsPants,NotAntfrost,4
ConnorEatsPants,Ph1LzA,11
ConnorEatsPants,Pikaclicks,3
ConnorEatsPants,PlanetDuckk,3
ConnorEatsPants,Punztw,8
ConnorEatsPants,Quackity,14
ConnorEatsPants,Ranboosaysstuff,14
ConnorEatsPants,Skeppy,8
ConnorEatsPants,Slimecicle,8
ConnorEatsPants,Smajor1995,8
ConnorEatsPants,Sneegsnag,4
ConnorEatsPants,Spifeyy,7
ConnorEatsPants,TapLHarV,9
ConnorEatsPants,Technothepig,10
ConnorEatsPants,TubboLive,14
ConnorEatsPants,TubboTWO,11
ConnorEatsPants,VelvetIsCake,8
ConnorEatsPants,WilburSoot,13
ConnorEatsPants,YouTube,4
ConnorEatsPants,bearbubb,4
ConnorEatsPants,cupTWOst,5
ConnorEatsPants,cuptoast,7
ConnorEatsPants,discord,5
ConnorEatsPants,dreamhangout,7
ConnorEatsPants,dreamsecretclub,3
ConnorEatsPants,dreamwastaken,18
ConnorEatsPants,dreamwastaken2,7
ConnorEatsPants,honkkarl,12
ConnorEatsPants,jschlatt,13
ConnorEatsPants,mcLIVESMP,3
ConnorEatsPants,nathansmokee,5
ConnorEatsPants,pisolive,5
ConnorEatsPants,pleasedshibe1,5
ConnorEatsPants,pokimanelol,8
ConnorEatsPants,ppredictors,3
ConnorEatsPants,quackity4k,11
ConnorEatsPants,ranaltboo,13
ConnorEatsPants,sapnap,11
ConnorEatsPants,sapnapalt,12
ConnorEatsPants,smpupdate,5
ConnorEatsPants,sniffalt,4
ConnorEatsPants,snifferish,6
ConnorEatsPants,tommyaltinnit,11
ConnorEatsPants,tommyinnit,16
ConnorEatsPants,youtooz,10
Corpse_Husband,CptPuffy,13
Corpse_Husband,CrankGameplays,3
Corpse_Husband,Dream,20
Corpse_Husband,Dream__Fanart,6
Corpse_Husband,Eret,7
Corpse_Husband,FundyLive,8
Corpse_Husband,GeorgeNootFound,18
Corpse_Husband,GeorgeNotFound,17
Corpse_Husband,IGN,3
Corpse_Husband,JackManifoldTV,12
Corpse_Husband,Jacksepticeye,5
Corpse_Husband,JustaMinx,12
Corpse_Husband,KarlJacobs_,18
Corpse_Husband,LVJYonline,6
Corpse_Husband,LilNasX,3
Corpse_Husband,MCChampionship_,18
Corpse_Husband,Minecraft,10
Corpse_Husband,MrBeast,13
Corpse_Husband,Nihaachu,14
Corpse_Husband,NotAntfrost,13
Corpse_Husband,Ph1LzA,15
Corpse_Husband,Pikaclicks,3
Corpse_Husband,PlanetDuckk,6
Corpse_Husband,ProbablyKaz,3
Corpse_Husband,Punztw,10
Corpse_Husband,Quackity,20
Corpse_Husband,Ranboosaysstuff,17
Corpse_Husband,Skeppy,9
Corpse_Husband,Slimecicle,11
Corpse_Husband,Smajor1995,8
Corpse_Husband,Sneegsnag,5
Corpse_Husband,Spifeyy,9
Corpse_Husband,TapLHarV,11
Corpse_Husband,Technothepig,10
Corpse_Husband,TubboLive,20
Corpse_Husband,TubboTWO,11
Corpse_Husband,Twitch,3
Corpse_Husband,Twitter,5
Corpse_Husband,VelvetIsCake,14
Corpse_Husband,WilburSoot,16
Corpse_Husband,YouTube,6
Corpse_Husband,aimseytv,3
Corpse_Husband,bearbubb,4
Corpse_Husband,cupTWOst,3
Corpse_Husband,cuptoast,4
Corpse_Husband,discord,3
Corpse_Husband,dreamhangout,6
Corpse_Husband,dreamsecretclub,9
Corpse_Husband,dreamwastaken,24
Corpse_Husband,dreamwastaken2,9
Corpse_Husband,honkkarl,15
Corpse_Husband,jschlatt,11
Corpse_Husband,markiplier,4
Corpse_Husband,nathansmokee,6
Corpse_Husband,pisolive,4
Corpse_Husband,pleasedshibe1,7
Corpse_Husband,pokimanelol,3
Corpse_Husband,ppredictors,7
Corpse_Husband,quackity4k,19
Corpse_Husband,ranaltboo,11
Corpse_Husband,realDonaldTrump,3
Corpse_Husband,sapnap,16
Corpse_Husband,sapnapalt,20
Corpse_Husband,smpupdate,8
Corpse_Husband,sniffalt,8
Corpse_Husband,snifferish,10
Corpse_Husband,tommyaltinnit,15
Corpse_Husband,tommyinnit,21
Corpse_Husband,youtooz,10
CptPuffy,CrankGameplays,5
CptPuffy,Dream,21
CptPuffy,Dream__Fanart,7
CptPuffy,Eret,9
CptPuffy,FundyLive,12
CptPuffy,GeorgeNootFound,15
CptPuffy,GeorgeNotFound,16
CptPuffy,JackManifoldTV,12
CptPuffy,Jacksepticeye,5
CptPuffy,JustaMinx,10
CptPuffy,KEEMSTAR,3
CptPuffy,KarlJacobs_,16
CptPuffy,LVJYonline,7
CptPuffy,MCChampionship_,20
CptPuffy,Minecraft,8
CptPuffy,MrBeast,14
CptPuffy,Nihaachu,15
CptPuffy,NotAntfrost,11
CptPuffy,Ph1LzA,17
CptPuffy,Pikaclicks,4
CptPuffy,PlanetDuckk,4
CptPuffy,Punztw,9
CptPuffy,Quackity,19
CptPuffy,Ranboosaysstuff,19
CptPuffy,Skeppy,11
CptPuffy,Slimecicle,11
CptPuffy,Smajor1995,13
CptPuffy,Sneegsnag,8
CptPuffy,Spifeyy,8
CptPuffy,SquidGameEvent,3
CptPuffy,TapLHarV,13
CptPuffy,Technothepig,10
CptPuffy,TubboLive,19
CptPuffy,TubboTWO,10
CptPuffy,Twitch,4
CptPuffy,Twitter,5
CptPuffy,VelvetIsCake,13
CptPuffy,WilburSoot,16
CptPuffy,YouTube,4
CptPuffy,aimseytv,6
CptPuffy,bearbubb,7
CptPuffy,cupTWOst,5
CptPuffy,cuptoast,6
CptPuffy,discord,5
CptPuffy,dreamhangout,6
CptPuffy,dreamsecretclub,6
CptPuffy,dreamwastaken,26
CptPuffy,dreamwastaken2,10
CptPuffy,honkkarl,14
CptPuffy,jschlatt,10
CptPuffy,markiplier,4
CptPuffy,nathansmokee,7
CptPuffy,pisolive,6
CptPuffy,pleasedshibe1,7
CptPuffy,pokimanelol,10
CptPuffy,ppredictors,9
CptPuffy,quackity4k,20
CptPuffy,ranaltboo,17
CptPuffy,sapnap,13
CptPuffy,sapnapalt,19
CptPuffy,smpupdate,10
CptPuffy,sniffalt,8
CptPuffy,snifferish,9
CptPuffy,spoon_ahhh,4
CptPuffy,tommyaltinnit,15
CptPuffy,tommyinnit,21
CptPuffy,willcreated,4
CptPuffy,youtooz,10
CrankGameplays,Dream,7
CrankGameplays,FundyLive,4
CrankGameplays,GeorgeNootFound,3
CrankGameplays,GeorgeNotFound,4
CrankGameplays,Hannahiku,3
CrankGameplays,JackManifoldTV,4
CrankGameplays,Jacksepticeye,5
CrankGameplays,JustaMinx,3
CrankGameplays,KEEMSTAR,4
CrankGameplays,KarlJacobs_,5
CrankGameplays,MCChampionship_,6
CrankGameplays,Minecraft,4
CrankGameplays,MrBeast,7
CrankGameplays,Nihaachu,3
CrankGameplays,Ph1LzA,7
CrankGameplays,Quackity,4
CrankGameplays,Ranboosaysstuff,7
CrankGameplays,ShquareSMP,3
CrankGameplays,Skeppy,3
CrankGameplays,Slimecicle,6
CrankGameplays,Smajor1995,3
CrankGameplays,Sneegsnag,4
CrankGameplays,TapLHarV,4
CrankGameplays,Technothepig,5
CrankGameplays,TubboLive,7
CrankGameplays,TubboTWO,5
CrankGameplays,Twitch,3
CrankGameplays,Twitter,4
CrankGameplays,VelvetIsCake,5
CrankGameplays,WilburSoot,4
CrankGameplays,YouTube,7
CrankGameplays,aimseytv,3
CrankGameplays,bearbubb,4
CrankGameplays,cuptoast,3
CrankGameplays,discord,4
CrankGameplays,dreamwastaken,10
CrankGameplays,dreamwastaken2,3
CrankGameplays,elonmusk,3
CrankGameplays,honkkarl,6
CrankGameplays,jschlatt,5
CrankGameplays,markiplier,9
CrankGameplays,nebbiiee,4
CrankGameplays,pleasedshibe1,9
CrankGameplays,quackity4k,5
CrankGameplays,ranaltboo,6
CrankGameplays,sapnapalt,4
CrankGameplays,smpupdate,3
CrankGameplays,sniffalt,3
CrankGameplays,snifferish,5
CrankGameplays,spoon_ahhh,4
CrankGameplays,tommyaltinnit,5
CrankGameplays,tommyinnit,7
CrankGameplays,youtooz,9
CreateTeen,Dream,3
CreateTeen,Eret,3
CreateTeen,FaZeClan,3
CreateTeen,Hannahiku,12
CreateTeen,JackManifoldTV,3
CreateTeen,JustaMinx,5
CreateTeen,MCChampionship_,6
CreateTeen,Minecraft,4
CreateTeen,MrBeast,4
CreateTeen,Ninja,4
CreateTeen,Ph1LzA,3
CreateTeen,ProbablyKaz,4
CreateTeen,ShquareSMP,14
CreateTeen,SquidGameEvent,4
CreateTeen,Technothepig,5
CreateTeen,TubboLive,3
CreateTeen,Twitch,8
CreateTeen,WilburSoot,3
CreateTeen,YouTube,7
CreateTeen,discord,5
CreateTeen,dreamwastaken,8
CreateTeen,elonmusk,4
CreateTeen,hannahm130,8
CreateTeen,jschlatt,3
CreateTeen,nebbiiee,16
CreateTeen,pleasedshibe1,22
CreateTeen,ranaltboo,3
CreateTeen,sapnap,4
CreateTeen,spoon_ahhh,11
CreateTeen,tommyaltinnit,5
CreateTeen,tommyinnit,3
CreateTeen,willcreated,3
CreateTeen,youtooz,5
Debunkadunk,Dream,3
Debunkadunk,FundyLive,3
Debunkadunk,Gav1nLIVE,3
Debunkadunk,GeorgeNootFound,3
Debunkadunk,JackManifoldTV,4
Debunkadunk,JustaMinx,4
Debunkadunk,MCChampionship_,9
Debunkadunk,Minecraft,7
Debunkadunk,MrBeast,8
Debunkadunk,Nihaachu,6
Debunkadunk,Ninja,5
Debunkadunk,Ph1LzA,7
Debunkadunk,Pikaclicks,3
Debunkadunk,Quackity,3
Debunkadunk,Ranboosaysstuff,6
Debunkadunk,Smajor1995,5
Debunkadunk,SquidGameEvent,6
Debunkadunk,Technothepig,3
Debunkadunk,TubboLive,5
Debunkadunk,TubboTWO,4
Debunkadunk,Twitch,5
Debunkadunk,TwitchSupport,3
Debunkadunk,WilburSoot,5
Debunkadunk,YouTube,3
Debunkadunk,aimseytv,3
Debunkadunk,bearbubb,7
Debunkadunk,cupTWOst,3
Debunkadunk,discord,6
Debunkadunk,dreamwastaken,13
Debunkadunk,mcLIVESMP,17
Debunkadunk,nathansmokee,4
Debunkadunk,nebbiiee,4
Debunkadunk,pisolive,4
Debunkadunk,pleasedshibe1,10
Debunkadunk,ranaltboo,3
Debunkadunk,sapnapalt,3
Debunkadunk,snifferish,3
Debunkadunk,tommyaltinnit,8
Debunkadunk,tommyinnit,10
Debunkadunk,willcreated,6
Debunkadunk,youtooz,5
Dream,Dream__Fanart,13
Dream,Eret,17
Dream,FaZeClan,3
Dream,FortniteGame,4
Dream,FundyLive,21
Dream,Gav1nLIVE,7
Dream,GeorgeNootFound,38
Dream,GeorgeNotFound,43
Dream,Hannahiku,8
Dream,IGN,4
Dream,JackManifoldTV,28
Dream,Jacksepticeye,9
Dream,JustaMinx,22
Dream,KarlJacobs_,38
Dream,LVJYonline,14
Dream,LilNasX,4
Dream,MCChampionship_,41
Dream,Minecraft,22
Dream,MrBeast,30
Dream,Nihaachu,32
Dream,Ninja,9
Dream,NotAntfrost,20
Dream,Ph1LzA,30
Dream,Pikaclicks,9
Dream,PlanetDuckk,12
Dream,ProbablyKaz,9
Dream,Punztw,20
Dream,Quackity,41
Dream,Ranboosaysstuff,44
Dream,ShquareSMP,6
Dream,Skeppy,17
Dream,Slimecicle,15
Dream,Smajor1995,21
Dream,Sneegsnag,11
Dream,Spifeyy,17
Dream,Spotify,4
Dream,SquidGameEvent,6
Dream,TapLHarV,21
Dream,Technothepig,23
Dream,TubboLive,42
Dream,TubboTWO,29
Dream,Twitch,8
Dream,TwitchSupport,9
Dream,Twitter,10
Dream,VelvetIsCake,24
Dream,WilburSoot,36
Dream,YouTube,8
Dream,aimseytv,13
Dream,bearbubb,16
Dream,cupTWOst,9
Dream,cuptoast,10
Dream,discord,10
Dream,dreamhangout,19
Dream,dreamsecretclub,19
Dream,dreamwastaken,61
Dream,dreamwastaken2,15
Dream,elonmusk,5
Dream,hannahm130,6
Dream,honkkarl,27
Dream,jschlatt,20
Dream,markiplier,5
Dream,mcLIVESMP,7
Dream,nathansmokee,14
Dream,nebbiiee,8
Dream,pisolive,11
Dream,pleasedshibe1,22
Dream,pokimanelol,14
Dream,ppredictors,14
Dream,quackity4k,36
Dream,ranaltboo,33
Dream,realDonaldTrump,5
Dream,sapnap,32
Dream,sapnapalt,36
Dream,smpupdate,14
Dream,sniffalt,17
Dream,snifferish,19
Dream,spoon_ahhh,10
Dream,tommyaltinnit,33
Dream,tommyinnit,51
Dream,willcreated,7
Dream,youtooz,18
Dream__Fanart,Eret,6
Dream__Fanart,FundyLive,10
Dream__Fanart,Gav1nLIVE,3
Dream__Fanart,GeorgeNootFound,13
Dream__Fanart,GeorgeNotFound,13
Dream__Fanart,JackManifoldTV,7
Dream__Fanart,JustaMinx,3
Dream__Fanart,KarlJacobs_,11
Dream__Fanart,LVJYonline,6
Dream__Fanart,MCChampionship_,14
Dream__Fanart,Minecraft,6
Dream__Fanart,MrBeast,8
Dream__Fanart,Nihaachu,12
Dream__Fanart,NotAntfrost,8
Dream__Fanart,Ph1LzA,11
Dream__Fanart,Pikaclicks,3
Dream__Fanart,PlanetDuckk,5
Dream__Fanart,Punztw,8
Dream__Fanart,Quackity,12
Dream__Fanart,Ranboosaysstuff,12
Dream__Fanart,Skeppy,6
Dream__Fanart,Slimecicle,7
Dream__Fanart,Smajor1995,8
Dream__Fanart,Sneegsnag,6
Dream__Fanart,Spifeyy,5
Dream__Fanart,TapLHarV,8
Dream__Fanart,Technothepig,7
Dream__Fanart,TubboLive,13
Dream__Fanart,TubboTWO,7
Dream__Fanart,Twitter,4
Dream__Fanart,VelvetIsCake,9
Dream__Fanart,WilburSoot,9
Dream__Fanart,YouTube,3
Dream__Fanart,aimseytv,5
Dream__Fanart,bearbubb,3
Dream__Fanart,cuptoast,3
Dream__Fanart,dreamhangout,7
Dream__Fanart,dreamsecretclub,8
Dream__Fanart,dreamwastaken,17
Dream__Fanart,dreamwastaken2,5
Dream__Fanart,honkkarl,11
Dream__Fanart,jschlatt,4
Dream__Fanart,nathansmokee,6
Dream__Fanart,pleasedshibe1,5
Dream__Fanart,pokimanelol,6
Dream__Fanart,ppredictors,3
Dream__Fanart,quackity4k,12
Dream__Fanart,ranaltboo,11
Dream__Fanart,sapnap,10
Dream__Fanart,sapnapalt,12
Dream__Fanart,smpupdate,6
Dream__Fanart,sniffalt,5
Dream__Fanart,snifferish,5
Dream__Fanart,tommyaltinnit,10
Dream__Fanart,tommyinnit,14
Dream__Fanart,youtooz,8
Eret,FundyLive,9
Eret,GeorgeNootFound,13
Eret,GeorgeNotFound,12
Eret,Hannahiku,4
Eret,JackManifoldTV,9
Eret,Jacksepticeye,3
Eret,JustaMinx,8
Eret,KarlJacobs_,12
Eret,LVJYonline,9
Eret,MCChampionship_,14
Eret,Minecraft,7
Eret,MrBeast,7
Eret,Nihaachu,12
Eret,NotAntfrost,6
Eret,Ph1LzA,13
Eret,Pikaclicks,4
Eret,PlanetDuckk,4
Eret,ProbablyKaz,5
Eret,Punztw,7
Eret,Quackity,13
Eret,Ranboosaysstuff,14
Eret,ShquareSMP,3
Eret,Skeppy,5
Eret,Slimecicle,4
Eret,Smajor1995,7
Eret,Sneegsnag,5
Eret,Spifeyy,7
Eret,SquidGameEvent,3
Eret,TapLHarV,7
Eret,Technothepig,10
Eret,TubboLive,14
Eret,TubboTWO,8
Eret,VelvetIsCake,10
Eret,WilburSoot,12
Eret,YouTube,4
Eret,aimseytv,3
Eret,bearbubb,4
Eret,cupTWOst,3
Eret,cuptoast,3
Eret,dreamhangout,8
Eret,dreamsecretclub,4
Eret,dreamwastaken,18
Eret,dreamwastaken2,7
Eret,hannahm130,3
Eret,honkkarl,8
Eret,jschlatt,8
Eret,nathansmokee,5
Eret,pleasedshibe1,8
Eret,pokimanelol,5
Eret,ppredictors,7
Eret,quackity4k,13
Eret,ranaltboo,13
Eret,sapnap,11
Eret,sapnapalt,11
Eret,smpupdate,3
Eret,sniffalt,4
Eret,snifferish,6
Eret,spoon_ahhh,4
Eret,tommyaltinnit,10
Eret,tommyinnit,15
Eret,willcreated,3
Eret,youtooz,8
FaZeClan,FortniteGame,5
FaZeClan,GFuelEnergy,9
FaZeClan,GarrettG,9
FaZeClan,Gav1nLIVE,4
FaZeClan,Hannahiku,4
FaZeClan,KEEMSTAR,3
FaZeClan,MrBeast,8
FaZeClan,NRGgg,10
FaZeClan,Ninja,7
FaZeClan,Pikaclicks,3
FaZeClan,ProbablyKaz,4
FaZeClan,Punztw,3
FaZeClan,RLEsports,11
FaZeClan,RocketLeague,10
FaZeClan,SquishyMuffinz,10
FaZeClan,TubboTWO,4
FaZeClan,Twitch,8
FaZeClan,TwitchSupport,4
FaZeClan,Twitter,3
FaZeClan,YouTube,8
FaZeClan,discord,4
FaZeClan,dreamwastaken,4
FaZeClan,elonmusk,5
FaZeClan,hannahm130,3
FaZeClan,nebbiiee,11
FaZeClan,pleasedshibe1,9
FaZeClan,pokimanelol,4
FaZeClan,spoon_ahhh,3
FaZeClan,tommyaltinnit,3
FaZeClan,tommyinnit,4
FaZeClan,willcreated,3
FortniteGame,GFuelEnergy,4
FortniteGame,Gav1nLIVE,3
FortniteGame,Hannahiku,4
FortniteGame,IGN,3
FortniteGame,Jacksepticeye,4
FortniteGame,JustaMinx,3
FortniteGame,Minecraft,4
FortniteGame,MrBeast,7
FortniteGame,NRGgg,4
FortniteGame,Ninja,7
FortniteGame,ProbablyKaz,3
FortniteGame,RocketLeague,3
FortniteGame,ShquareSMP,3
FortniteGame,SquidGameEvent,3
FortniteGame,Technothepig,3
FortniteGame,Twitch,5
FortniteGame,Twitter,4
FortniteGame,YouTube,9
FortniteGame,aimseytv,3
FortniteGame,discord,5
FortniteGame,dreamwastaken,6
FortniteGame,elonmusk,6
FortniteGame,hannahm130,3
FortniteGame,mcLIVESMP,4
FortniteGame,nebbiiee,5
FortniteGame,pleasedshibe1,9
FortniteGame,pokimanelol,3
FortniteGame,realDonaldTrump,4
FortniteGame,spoon_ahhh,3
FortniteGame,tommyaltinnit,4
FortniteGame,tommyinnit,6
FortniteGame,willcreated,3
FundyLive,Gav1nLIVE,3
FundyLive,GeorgeNootFound,19
FundyLive,GeorgeNotFound,19
FundyLive,Hannahiku,4
FundyLive,JackManifoldTV,18
FundyLive,Jacksepticeye,5
FundyLive,JustaMinx,12
FundyLive,KEEMSTAR,4
FundyLive,KarlJacobs_,18
FundyLive,LVJYonline,9
FundyLive,LilNasX,4
FundyLive,MCChampionship_,25
FundyLive,Minecraft,12
FundyLive,MrBeast,18
FundyLive,Nihaachu,16
FundyLive,Ninja,4
FundyLive,NotAntfrost,11
FundyLive,Ph1LzA,21
FundyLive,Pikaclicks,6
FundyLive,PlanetDuckk,3
FundyLive,ProbablyKaz,3
FundyLive,Punztw,11
FundyLive,Quackity,19
FundyLive,Ranboosaysstuff,26
FundyLive,ShquareSMP,4
FundyLive,Skeppy,8
FundyLive,Slimecicle,9
FundyLive,Smajor1995,12
FundyLive,Sneegsnag,8
FundyLive,Spifeyy,10
FundyLive,SquidGameEvent,4
FundyLive,TapLHarV,12
FundyLive,Technothepig,14
FundyLive,TubboLive,24
FundyLive,TubboTWO,14
FundyLive,Twitch,4
FundyLive,TwitchSupport,4
FundyLive,Twitter,4
FundyLive,VelvetIsCake,10
FundyLive,WilburSoot,18
FundyLive,YouTube,7
FundyLive,aimseytv,6
FundyLive,bearbubb,8
FundyLive,cupTWOst,5
FundyLive,cuptoast,7
FundyLive,discord,6
FundyLive,dreamhangout,10
FundyLive,dreamsecretclub,8
FundyLive,dreamwastaken,28
FundyLive,dreamwastaken2,8
FundyLive,elonmusk,5
FundyLive,honkkarl,20
FundyLive,jschlatt,12
FundyLive,markiplier,4
FundyLive,mcLIVESMP,5
FundyLive,nathansmokee,6
FundyLive,nebbiiee,3
FundyLive,pisolive,3
FundyLive,pleasedshibe1,13
FundyLive,pokimanelol,7
FundyLive,ppredictors,7
FundyLive,quackity4k,20
FundyLive,ranaltboo,20
FundyLive,sapnap,14
FundyLive,sapnapalt,17
FundyLive,smpupdate,7
FundyLive,sniffalt,9
FundyLive,snifferish,10
FundyLive,spoon_ahhh,7
FundyLive,tommyaltinnit,18
FundyLive,tommyinnit,28
FundyLive,willcreated,4
FundyLive,youtooz,15
GFuelEnergy,GarrettG,5
GFuelEnergy,Gav1nLIVE,3
GFuelEnergy,Hannahiku,4
GFuelEnergy,KEEMSTAR,5
GFuelEnergy,Minecraft,3
GFuelEnergy,MrBeast,7
GFuelEnergy,NRGgg,6
GFuelEnergy,Ninja,6
GFuelEnergy,ProbablyKaz,3
GFuelEnergy,RLEsports,6
GFuelEnergy,Ranboosaysstuff,3
GFuelEnergy,RocketLeague,6
GFuelEnergy,ShquareSMP,3
GFuelEnergy,Spotify,3
GFuelEnergy,SquidGameEvent,3
GFuelEnergy,SquishyMuffinz,5
GFuelEnergy,Twitch,7
GFuelEnergy,TwitchSupport,3
GFuelEnergy,Twitter,3
GFuelEnergy,YouTube,13
GFuelEnergy,discord,4
GFuelEnergy,dreamwastaken,4
GFuelEnergy,elonmusk,7
GFuelEnergy,hannahm130,3
GFuelEnergy,jschlatt,3
GFuelEnergy,nebbiiee,8
GFuelEnergy,pleasedshibe1,10
GFuelEnergy,pokimanelol,3
GFuelEnergy,tommyinnit,4
GFuelEnergy,willcreated,3
GarrettG,KEEMSTAR,3
GarrettG,LilNasX,4
GarrettG,NRGgg,13
GarrettG,Ninja,3
GarrettG,RLEsports,17
GarrettG,RocketLeague,14
GarrettG,SquishyMuffinz,13
GarrettG,Twitch,7
GarrettG,YouTube,5
GarrettG,discord,3
GarrettG,elonmusk,4
GarrettG,nebbiiee,14
GarrettG,pleasedshibe1,10
Gav1nLIVE,GeorgeNootFound,5
Gav1nLIVE,GeorgeNotFound,4
Gav1nLIVE,Hannahiku,9
Gav1nLIVE,JackManifoldTV,4
Gav1nLIVE,JustaMinx,3
Gav1nLIVE,LVJYonline,3
Gav1nLIVE,MCChampionship_,11
Gav1nLIVE,Minecraft,6
Gav1nLIVE,MrBeast,9
Gav1nLIVE,Nihaachu,4
Gav1nLIVE,Ph1LzA,3
Gav1nLIVE,Pikaclicks,7
Gav1nLIVE,ProbablyKaz,9
Gav1nLIVE,Quackity,3
Gav1nLIVE,Ranboosaysstuff,8
Gav1nLIVE,Skeppy,3
Gav1nLIVE,SquidGameEvent,8
Gav1nLIVE,TapLHarV,3
Gav1nLIVE,Technothepig,3
Gav1nLIVE,TubboLive,5
Gav1nLIVE,TubboTWO,6
Gav1nLIVE,TwitchSupport,5
Gav1nLIVE,Twitter,4
Gav1nLIVE,VelvetIsCake,3
Gav1nLIVE,WilburSoot,5
Gav1nLIVE,YouTube,6
Gav1nLIVE,aimseytv,6
Gav1nLIVE,bearbubb,6
Gav1nLIVE,cupTWOst,4
Gav1nLIVE,cuptoast,3
Gav1nLIVE,discord,4
Gav1nLIVE,dreamsecretclub,3
Gav1nLIVE,dreamwastaken,12
Gav1nLIVE,hannahm130,8
Gav1nLIVE,jschlatt,3
Gav1nLIVE,mcLIVESMP,5
Gav1nLIVE,nathansmokee,7
Gav1nLIVE,nebbiiee,4
Gav1nLIVE,pisolive,3
Gav1nLIVE,pleasedshibe1,8
Gav1nLIVE,quackity4k,4
Gav1nLIVE,ranaltboo,4
Gav1nLIVE,sapnap,3
Gav1nLIVE,sapnapalt,4
Gav1nLIVE,snifferish,4
Gav1nLIVE,spoon_ahhh,6
Gav1nLIVE,tommyaltinnit,8
Gav1nLIVE,tommyinnit,10
Gav1nLIVE,willcreated,9
Gav1nLIVE,youtooz,5
GeorgeNootFound,GeorgeNotFound,36
GeorgeNootFound,Hannahiku,6
GeorgeNootFound,JackManifoldTV,21
GeorgeNootFound,Jacksepticeye,5
GeorgeNootFound,JustaMinx,13
GeorgeNootFound,KarlJacobs_,31
GeorgeNootFound,LVJYonline,11
GeorgeNootFound,LilNasX,5
GeorgeNootFound,MCChampionship_,32
GeorgeNootFound,Minecraft,15
GeorgeNootFound,MrBeast,20
GeorgeNootFound,Nihaachu,25
GeorgeNootFound,Ninja,4
GeorgeNootFound,NotAntfrost,15
GeorgeNootFound,Ph1LzA,24
GeorgeNootFound,Pikaclicks,7
GeorgeNootFound,PlanetDuckk,10
GeorgeNootFound,ProbablyKaz,6
GeorgeNootFound,Punztw,18
GeorgeNootFound,Quackity,33
GeorgeNootFound,Ranboosaysstuff,30
GeorgeNootFound,Skeppy,16
GeorgeNootFound,Slimecicle,11
GeorgeNootFound,Smajor1995,16
GeorgeNootFound,Sneegsnag,10
GeorgeNootFound,Spifeyy,15
GeorgeNootFound,TapLHarV,17
GeorgeNootFound,Technothepig,17
GeorgeNootFound,TubboLive,34
GeorgeNootFound,TubboTWO,20
GeorgeNootFound,TwitchSupport,5
GeorgeNootFound,Twitter,9
GeorgeNootFound,VelvetIsCake,17
GeorgeNootFound,WilburSoot,24
GeorgeNootFound,YouTube,7
GeorgeNootFound,aimseytv,10
GeorgeNootFound,bearbubb,9
GeorgeNootFound,cupTWOst,7
GeorgeNootFound,cuptoast,7
GeorgeNootFound,discord,6
GeorgeNootFound,dreamhangout,16
GeorgeNootFound,dreamsecretclub,16
GeorgeNootFound,dreamwastaken,42
GeorgeNootFound,dreamwastaken2,12
GeorgeNootFound,elonmusk,6
GeorgeNootFound,hannahm130,5
GeorgeNootFound,honkkarl,23
GeorgeNootFound,jschlatt,14
GeorgeNootFound,mcLIVESMP,5
GeorgeNootFound,nathansmokee,11
GeorgeNootFound,pisolive,3
GeorgeNootFound,pleasedshibe1,14
GeorgeNootFound,pokimanelol,11
GeorgeNootFound,ppredictors,11
GeorgeNootFound,quackity4k,33
GeorgeNootFound,ranaltboo,23
GeorgeNootFound,realDonaldTrump,4
GeorgeNootFound,sapnap,29
GeorgeNootFound,sapnapalt,35
GeorgeNootFound,smpupdate,12
GeorgeNootFound,sniffalt,14
GeorgeNootFound,snifferish,14
GeorgeNootFound,spoon_ahhh,6
GeorgeNootFound,tommyaltinnit,24
GeorgeNootFound,tommyinnit,39
GeorgeNootFound,willcreated,3
GeorgeNootFound,youtooz,15
GeorgeNotFound,Hannahiku,7
GeorgeNotFound,JackManifoldTV,24
GeorgeNotFound,Jacksepticeye,7
GeorgeNotFound,JustaMinx,19
GeorgeNotFound,KEEMSTAR,3
GeorgeNotFound,KarlJacobs_,36
GeorgeNotFound,LVJYonline,12
GeorgeNotFound,LilNasX,6
GeorgeNotFound,MCChampionship_,34
GeorgeNotFound,Minecraft,15
GeorgeNotFound,MrBeast,23
GeorgeNotFound,Nihaachu,27
GeorgeNotFound,Ninja,5
GeorgeNotFound,NotAntfrost,16
GeorgeNotFound,Ph1LzA,24
GeorgeNotFound,Pikaclicks,6
GeorgeNotFound,PlanetDuckk,12
GeorgeNotFound,ProbablyKaz,7
GeorgeNotFound,Punztw,20
GeorgeNotFound,Quackity,39
GeorgeNotFound,Ranboosaysstuff,36
GeorgeNotFound,ShquareSMP,3
GeorgeNotFound,Skeppy,20
GeorgeNotFound,Slimecicle,14
GeorgeNotFound,Smajor1995,18
GeorgeNotFound,Sneegsnag,14
GeorgeNotFound,Spifeyy,17
GeorgeNotFound,TapLHarV,16
GeorgeNotFound,Technothepig,18
GeorgeNotFound,TubboLive,36
GeorgeNotFound,TubboTWO,22
GeorgeNotFound,Twitch,5
GeorgeNotFound,TwitchSupport,5
GeorgeNotFound,Twitter,8
GeorgeNotFound,VelvetIsCake,19
GeorgeNotFound,WilburSoot,29
GeorgeNotFound,YouTube,6
GeorgeNotFound,aimseytv,10
GeorgeNotFound,bearbubb,12
GeorgeNotFound,cupTWOst,6
GeorgeNotFound,cuptoast,8
GeorgeNotFound,discord,6
GeorgeNotFound,dreamhangout,15
GeorgeNotFound,dreamsecretclub,16
GeorgeNotFound,dreamwastaken,50
GeorgeNotFound,dreamwastaken2,13
GeorgeNotFound,elonmusk,6
GeorgeNotFound,hannahm130,5
GeorgeNotFound,honkkarl,25
GeorgeNotFound,jschlatt,20
GeorgeNotFound,markiplier,6
GeorgeNotFound,mcLIVESMP,3
GeorgeNotFound,nathansmokee,9
GeorgeNotFound,nebbiiee,4
GeorgeNotFound,pisolive,5
GeorgeNotFound,pleasedshibe1,15
GeorgeNotFound,pokimanelol,13
GeorgeNotFound,ppredictors,11
GeorgeNotFound,quackity4k,34
GeorgeNotFound,ranaltboo,29
GeorgeNotFound,realDonaldTrump,3
GeorgeNotFound,sapnap,32
GeorgeNotFound,sapnapalt,37
GeorgeNotFound,smpupdate,17
GeorgeNotFound,sniffalt,15
GeorgeNotFound,snifferish,17
GeorgeNotFound,spoon_ahhh,7
GeorgeNotFound,tommyaltinnit,25
GeorgeNotFound,tommyinnit,44
GeorgeNotFound,youtooz,18
Hannahiku,JackManifoldTV,6
Hannahiku,JustaMinx,6
Hannahiku,KarlJacobs_,5
Hannahiku,LVJYonline,3
Hannahiku,MCChampionship_,12
Hannahiku,Minecraft,8
Hannahiku,MrBeast,10
Hannahiku,Nihaachu,4
Hannahiku,Ninja,6
Hannahiku,Ph1LzA,9
Hannahiku,Pikaclicks,5
Hannahiku,ProbablyKaz,13
Hannahiku,Quackity,8
Hannahiku,Ranboosaysstuff,10
Hannahiku,ShquareSMP,14
Hannahiku,Skeppy,4
Hannahiku,Slimecicle,4
Hannahiku,Sneegsnag,3
Hannahiku,Spifeyy,4
Hannahiku,SquidGameEvent,7
Hannahiku,TapLHarV,3
Hannahiku,Technothepig,8
Hannahiku,TubboLive,9
Hannahiku,TubboTWO,6
Hannahiku,Twitch,8
Hannahiku,TwitchSupport,3
Hannahiku,Twitter,3
Hannahiku,WilburSoot,5
Hannahiku,YouTube,9
Hannahiku,aimseytv,8
Hannahiku,bearbubb,4
Hannahiku,cupTWOst,3
Hannahiku,discord,7
Hannahiku,dreamwastaken,17
Hannahiku,elonmusk,3
Hannahiku,hannahm130,23
Hannahiku,honkkarl,3
Hannahiku,jschlatt,4
Hannahiku,nathansmokee,4
Hannahiku,nebbiiee,13
Hannahiku,pleasedshibe1,26
Hannahiku,ppredictors,3
Hannahiku,quackity4k,8
Hannahiku,ranaltboo,7
Hannahiku,realDonaldTrump,3
Hannahiku,sapnap,5
Hannahiku,sapnapalt,3
Hannahiku,sniffalt,3
Hannahiku,snifferish,3
Hannahiku,spoon_ahhh,22
Hannahiku,tommyaltinnit,9
Hannahiku,tommyinnit,12
Hannahiku,willcreated,7
Hannahiku,youtooz,5
IGN,KEEMSTAR,3
IGN,KarlJacobs_,4
IGN,MCChampionship_,4
IGN,Minecraft,6
IGN,MrBeast,3
IGN,Ninja,3
IGN,Ph1LzA,4
IGN,Quackity,4
IGN,Ranboosaysstuff,3
IGN,Slimecicle,3
IGN,TapLHarV,3
IGN,TubboLive,4
IGN,Twitch,3
IGN,VelvetIsCake,3
IGN,WilburSoot,3
IGN,YouTube,5
IGN,discord,3
IGN,dreamwastaken,6
IGN,elonmusk,3
IGN,jschlatt,4
IGN,nebbiiee,4
IGN,pleasedshibe1,9
IGN,pokimanelol,4
IGN,quackity4k,4
IGN,realDonaldTrump,3
IGN,sapnapalt,3
IGN,snifferish,3
IGN,tommyinnit,6
IGN,youtooz,3
JackManifoldTV,Jacksepticeye,6
JackManifoldTV,JustaMinx,16
JackManifoldTV,KarlJacobs_,18
JackManifoldTV,LVJYonline,8
JackManifoldTV,LilNasX,4
JackManifoldTV,MCChampionship_,25
JackManifoldTV,Minecraft,16
JackManifoldTV,MrBeast,20
JackManifoldTV,Nihaachu,22
JackManifoldTV,Ninja,7
JackManifoldTV,NotAntfrost,12
JackManifoldTV,Ph1LzA,23
JackManifoldTV,Pikaclicks,6
JackManifoldTV,PlanetDuckk,7
JackManifoldTV,ProbablyKaz,5
JackManifoldTV,Punztw,14
JackManifoldTV,Quackity,24
JackManifoldTV,Ranboosaysstuff,29
JackManifoldTV,ShquareSMP,5
JackManifoldTV,Skeppy,7
JackManifoldTV,Slimecicle,13
JackManifoldTV,Smajor1995,15
JackManifoldTV,Sneegsnag,8
JackManifoldTV,Spifeyy,10
JackManifoldTV,SquidGameEvent,4
JackManifoldTV,TapLHarV,9
JackManifoldTV,Technothepig,13
JackManifoldTV,TubboLive,26
JackManifoldTV,TubboTWO,21
JackManifoldTV,Twitch,5
JackManifoldTV,TwitchSupport,3
JackManifoldTV,VelvetIsCake,17
JackManifoldTV,WilburSoot,20
JackManifoldTV,YouTube,5
JackManifoldTV,aimseytv,8
JackManifoldTV,bearbubb,11
JackManifoldTV,cupTWOst,7
JackManifoldTV,cuptoast,8
JackManifoldTV,discord,5
JackManifoldTV,dreamhangout,10
JackManifoldTV,dreamsecretclub,10
JackManifoldTV,dreamwastaken,31
JackManifoldTV,dreamwastaken2,5
JackManifoldTV,hannahm130,3
JackManifoldTV,honkkarl,18
JackManifoldTV,jschlatt,13
JackManifoldTV,markiplier,4
JackManifoldTV,mcLIVESMP,6
JackManifoldTV,nathansmokee,8
JackManifoldTV,nebbiiee,5
JackManifoldTV,pisolive,5
JackManifoldTV,pleasedshibe1,17
JackManifoldTV,pokimanelol,8
JackManifoldTV,ppredictors,6
JackManifoldTV,quackity4k,23
JackManifoldTV,ranaltboo,23
JackManifoldTV,sapnap,18
JackManifoldTV,sapnapalt,22
JackManifoldTV,smpupdate,7
JackManifoldTV,sniffalt,11
JackManifoldTV,snifferish,14
JackManifoldTV,spoon_ahhh,8
JackManifoldTV,tommyaltinnit,24
JackManifoldTV,tommyinnit,30
JackManifoldTV,willcreated,4
JackManifoldTV,youtooz,17
Jacksepticeye,JustaMinx,6
Jacksepticeye,KEEMSTAR,3
Jacksepticeye,KarlJacobs_,7
Jacksepticeye,LVJYonline,4
Jacksepticeye,MCChampionship_,7
Jacksepticeye,Minecraft,3
Jacksepticeye,MrBeast,6
Jacksepticeye,Nihaachu,5
Jacksepticeye,NotAntfrost,6
Jacksepticeye,Ph1LzA,5
Jacksepticeye,Punztw,5
Jacksepticeye,Quackity,6
Jacksepticeye,Ranboosaysstuff,7
Jacksepticeye,Skeppy,4
Jacksepticeye,Slimecicle,5
Jacksepticeye,Smajor1995,4
Jacksepticeye,Sneegsnag,3
Jacksepticeye,TapLHarV,3
Jacksepticeye,Technothepig,5
Jacksepticeye,TubboLive,6
Jacksepticeye,TubboTWO,5
Jacksepticeye,Twitter,4
Jacksepticeye,VelvetIsCake,6
Jacksepticeye,WilburSoot,6
Jacksepticeye,YouTube,4
Jacksepticeye,bearbubb,4
Jacksepticeye,discord,5
Jacksepticeye,dreamwastaken,8
Jacksepticeye,dreamwastaken2,4
Jacksepticeye,honkkarl,8
Jacksepticeye,jschlatt,4
Jacksepticeye,markiplier,3
Jacksepticeye,nebbiiee,4
Jacksepticeye,pisolive,3
Jacksepticeye,pleasedshibe1,6
Jacksepticeye,ppredictors,3
Jacksepticeye,quackity4k,5
Jacksepticeye,ranaltboo,5
Jacksepticeye,sapnap,6
Jacksepticeye,sapnapalt,6
Jacksepticeye,sniffalt,3
Jacksepticeye,snifferish,5
Jacksepticeye,spoon_ahhh,3
Jacksepticeye,tommyaltinnit,8
Jacksepticeye,tommyinnit,7
Jacksepticeye,youtooz,7
JustaMinx,KarlJacobs_,15
JustaMinx,LVJYonline,6
JustaMinx,LilNasX,5
JustaMinx,MCChampionship_,18
JustaMinx,Minecraft,12
JustaMinx,MrBeast,18
JustaMinx,Nihaachu,15
JustaMinx,Ninja,8
JustaMinx,NotAntfrost,9
JustaMinx,Ph1LzA,14
JustaMinx,Pikaclicks,4
JustaMinx,ProbablyKaz,6
JustaMinx,Punztw,8
JustaMinx,Quackity,18
JustaMinx,Ranboosaysstuff,19
JustaMinx,ShquareSMP,4
JustaMinx,Skeppy,7
JustaMinx,Slimecicle,8
JustaMinx,Smajor1995,9
JustaMinx,Sneegsnag,10
JustaMinx,Spifeyy,11
JustaMinx,Spotify,3
JustaMinx,SquidGameEvent,5
JustaMinx,TapLHarV,6
JustaMinx,Technothepig,13
JustaMinx,TubboLive,19
JustaMinx,TubboTWO,14
JustaMinx,Twitch,8
JustaMinx,TwitchSupport,4
JustaMinx,Twitter,4
JustaMinx,VelvetIsCake,11
JustaMinx,WilburSoot,15
JustaMinx,YouTube,6
JustaMinx,aimseytv,7
JustaMinx,bearbubb,9
JustaMinx,cupTWOst,8
JustaMinx,cuptoast,4
JustaMinx,discord,8
JustaMinx,dreamhangout,6
JustaMinx,dreamsecretclub,3
JustaMinx,dreamwastaken,29
JustaMinx,dreamwastaken2,7
JustaMinx,hannahm130,6
JustaMinx,honkkarl,13
JustaMinx,jschlatt,18
JustaMinx,markiplier,5
JustaMinx,mcLIVESMP,6
JustaMinx,nathansmokee,4
JustaMinx,nebbiiee,9
JustaMinx,pisolive,10
JustaMinx,pleasedshibe1,16
JustaMinx,pokimanelol,9
JustaMinx,ppredictors,5
JustaMinx,quackity4k,12
JustaMinx,ranaltboo,14
JustaMinx,sapnap,15
JustaMinx,sapnapalt,14
JustaMinx,smpupdate,3
JustaMinx,sniffalt,7
JustaMinx,snifferish,9
JustaMinx,spoon_ahhh,8
JustaMinx,tommyaltinnit,17
JustaMinx,tommyinnit,23
JustaMinx,willcreated,5
JustaMinx,youtooz,14
KEEMSTAR,KarlJacobs_,3
KEEMSTAR,MCChampionship_,6
KEEMSTAR,Minecraft,6
KEEMSTAR,MrBeast,4
KEEMSTAR,NRGgg,4
KEEMSTAR,Ninja,6
KEEMSTAR,Ph1LzA,5
KEEMSTAR,Quackity,6
KEEMSTAR,RLEsports,3
KEEMSTAR,Ranboosaysstuff,4
KEEMSTAR,RocketLeague,3
KEEMSTAR,Slimecicle,4
KEEMSTAR,SquishyMuffinz,4
KEEMSTAR,Technothepig,5
KEEMSTAR,TubboLive,5
KEEMSTAR,Twitch,5
KEEMSTAR,Twitter,4
KEEMSTAR,WilburSoot,3
KEEMSTAR,YouTube,10
KEEMSTAR,cuptoast,4
KEEMSTAR,discord,7
KEEMSTAR,dreamwastaken,3
KEEMSTAR,elonmusk,6
KEEMSTAR,honkkarl,3
KEEMSTAR,jschlatt,6
KEEMSTAR,nebbiiee,4
KEEMSTAR,pleasedshibe1,4
KEEMSTAR,pokimanelol,4
KEEMSTAR,quackity4k,3
KEEMSTAR,ranaltboo,3
KEEMSTAR,realDonaldTrump,3
KEEMSTAR,sapnapalt,3
KEEMSTAR,snifferish,3
KEEMSTAR,tommyinnit,7
KEEMSTAR,youtooz,4
KarlJacobs_,LVJYonline,9
KarlJacobs_,LilNasX,3
KarlJacobs_,MCChampionship_,32
KarlJacobs_,Minecraft,12
KarlJacobs_,MrBeast,22
KarlJacobs_,Nihaachu,21
KarlJacobs_,Ninja,5
KarlJacobs_,NotAntfrost,16
KarlJacobs_,Ph1LzA,23
KarlJacobs_,Pikaclicks,4
KarlJacobs_,PlanetDuckk,10
KarlJacobs_,ProbablyKaz,4
KarlJacobs_,Punztw,16
KarlJacobs_,Quackity,33
KarlJacobs_,Ranboosaysstuff,35
KarlJacobs_,Skeppy,16
KarlJacobs_,Slimecicle,15
KarlJacobs_,Smajor1995,15
KarlJacobs_,Sneegsnag,11
KarlJacobs_,Spifeyy,16
KarlJacobs_,TapLHarV,16
KarlJacobs_,Technothepig,18
KarlJacobs_,TubboLive,36
KarlJacobs_,TubboTWO,28
KarlJacobs_,Twitch,4
KarlJacobs_,TwitchSupport,4
KarlJacobs_,Twitter,6
KarlJacobs_,VelvetIsCake,21
KarlJacobs_,WilburSoot,28
KarlJacobs_,YouTube,10
KarlJacobs_,aimseytv,8
KarlJacobs_,bearbubb,10
KarlJacobs_,cupTWOst,5
KarlJacobs_,cuptoast,5
KarlJacobs_,discord,4
KarlJacobs_,dreamhangout,14
KarlJacobs_,dreamsecretclub,17
KarlJacobs_,dreamwastaken,46
KarlJacobs_,dreamwastaken2,12
KarlJacobs_,elonmusk,7
KarlJacobs_,hannahm130,3
KarlJacobs_,honkkarl,30
KarlJacobs_,jschlatt,12
KarlJacobs_,markiplier,5
KarlJacobs_,nathansmokee,7
KarlJacobs_,nebbiiee,4
KarlJacobs_,pisolive,6
KarlJacobs_,pleasedshibe1,16
KarlJacobs_,pokimanelol,12
KarlJacobs_,ppredictors,10
KarlJacobs_,quackity4k,33
KarlJacobs_,ranaltboo,27
KarlJacobs_,realDonaldTrump,5
KarlJacobs_,sapnap,28
KarlJacobs_,sapnapalt,36
KarlJacobs_,smpupdate,16
KarlJacobs_,sniffalt,12
KarlJacobs_,snifferish,15
KarlJacobs_,spoon_ahhh,6
KarlJacobs_,tommyaltinnit,23
KarlJacobs_,tommyinnit,41
KarlJacobs_,youtooz,13
LVJYonline,LilNasX,3
LVJYonline,MCChampionship_,16
LVJYonline,Minecraft,6
LVJYonline,MrBeast,8
LVJYonline,Nihaachu,10
LVJYonline,NotAntfrost,7
LVJYonline,Ph1LzA,12
LVJYonline,Pikaclicks,5
LVJYonline,PlanetDuckk,7
LVJYonline,ProbablyKaz,3
LVJYonline,Punztw,8
LVJYonline,Quackity,14
LVJYonline,Ranboosaysstuff,18
LVJYonline,Skeppy,7
LVJYonline,Slimecicle,7
LVJYonline,Smajor1995,8
LVJYonline,Sneegsnag,9
LVJYonline,Spifeyy,7
LVJYonline,SquidGameEvent,4
LVJYonline,TapLHarV,7
LVJYonline,Technothepig,4
LVJYonline,TubboLive,14
LVJYonline,TubboTWO,6
LVJYonline,Twitch,5
LVJYonline,TwitchSupport,3
LVJYonline,Twitter,5
LVJYonline,VelvetIsCake,7
LVJYonline,WilburSoot,16
LVJYonline,YouTube,3
LVJYonline,aimseytv,5
LVJYonline,bearbubb,7
LVJYonline,cupTWOst,4
LVJYonline,cuptoast,3
LVJYonline,discord,3
LVJYonline,dreamhangout,7
LVJYonline,dreamsecretclub,7
LVJYonline,dreamwastaken,21
LVJYonline,dreamwastaken2,5
LVJYonline,hannahm130,3
LVJYonline,honkkarl,9
LVJYonline,jschlatt,8
LVJYonline,mcLIVESMP,3
LVJYonline,nathansmokee,7
LVJYonline,nebbiiee,3
LVJYonline,pisolive,5
LVJYonline,pleasedshibe1,10
LVJYonline,pokimanelol,3
LVJYonline,ppredictors,8
LVJYonline,quackity4k,15
LVJYonline,ranaltboo,12
LVJYonline,sapnap,12
LVJYonline,sapnapalt,10
LVJYonline,smpupdate,5
LVJYonline,sniffalt,6
LVJYonline,snifferish,8
LVJYonline,spoon_ahhh,4
LVJYonline,tommyaltinnit,14
LVJYonline,tommyinnit,16
LVJYonline,youtooz,9
LilNasX,MCChampionship_,4
LilNasX,Minecraft,3
LilNasX,MrBeast,6
LilNasX,NRGgg,3
LilNasX,Nihaachu,5
LilNasX,Ninja,4
LilNasX,Ph1LzA,5
LilNasX,Punztw,3
LilNasX,Quackity,7
LilNasX,RLEsports,4
LilNasX,Ranboosaysstuff,6
LilNasX,Skeppy,6
LilNasX,Slimecicle,3
LilNasX,Sneegsnag,3
LilNasX,SquishyMuffinz,3
LilNasX,TubboLive,6
LilNasX,Twitch,3
LilNasX,Twitter,3
LilNasX,WilburSoot,4
LilNasX,cuptoast,3
LilNasX,discord,4
LilNasX,dreamwastaken,8
LilNasX,elonmusk,4
LilNasX,honkkarl,3
LilNasX,jschlatt,6
LilNasX,markiplier,3
LilNasX,nathansmokee,4
LilNasX,nebbiiee,5
LilNasX,pleasedshibe1,8
LilNasX,ppredictors,3
LilNasX,quackity4k,5
LilNasX,ranaltboo,4
LilNasX,sapnapalt,4
LilNasX,smpupdate,3
LilNasX,snifferish,3
LilNasX,tommyaltinnit,5
LilNasX,tommyinnit,7
LilNasX,youtooz,4
MCChampionship_,Minecraft,24
MCChampionship_,MrBeast,31
MCChampionship_,Nihaachu,27
MCChampionship_,Ninja,6
MCChampionship_,NotAntfrost,22
MCChampionship_,Ph1LzA,35
MCChampionship_,Pikaclicks,9
MCChampionship_,PlanetDuckk,14
MCChampionship_,ProbablyKaz,10
MCChampionship_,Punztw,20
MCChampionship_,Quackity,36
MCChampionship_,Ranboosaysstuff,43
MCChampionship_,ShquareSMP,9
MCChampionship_,Skeppy,16
MCChampionship_,Slimecicle,15
MCChampionship_,Smajor1995,20
MCChampionship_,Sneegsnag,12
MCChampionship_,Spifeyy,12
MCChampionship_,Spotify,4
MCChampionship_,SquidGameEvent,9
MCChampionship_,TapLHarV,20
MCChampionship_,Technothepig,23
MCChampionship_,TubboLive,40
MCChampionship_,TubboTWO,27
MCChampionship_,Twitch,14
MCChampionship_,TwitchSupport,9
MCChampionship_,Twitter,6
MCChampionship_,VelvetIsCake,20
MCChampionship_,WilburSoot,32
MCChampionship_,YouTube,10
MCChampionship_,aimseytv,15
MCChampionship_,bearbubb,19
MCChampionship_,cupTWOst,13
MCChampionship_,cuptoast,10
MCChampionship_,discord,13
MCChampionship_,dreamhangout,17
MCChampionship_,dreamsecretclub,18
MCChampionship_,dreamwastaken,56
MCChampionship_,dreamwastaken2,11
MCChampionship_,elonmusk,7
MCChampionship_,hannahm130,8
MCChampionship_,honkkarl,26
MCChampionship_,jschlatt,18
MCChampionship_,markiplier,3
MCChampionship_,mcLIVESMP,11
MCChampionship_,nathansmokee,11
MCChampionship_,nebbiiee,9
MCChampionship_,pisolive,10
MCChampionship_,pleasedshibe1,28
MCChampionship_,pokimanelol,11
MCChampionship_,ppredictors,14
MCChampionship_,quackity4k,32
MCChampionship_,ranaltboo,34
MCChampionship_,realDonaldTrump,6
MCChampionship_,sapnap,29
MCChampionship_,sapnapalt,33
MCChampionship_,smpupdate,12
MCChampionship_,sniffalt,16
MCChampionship_,snifferish,18
MCChampionship_,spoon_ahhh,14
MCChampionship_,tommyaltinnit,32
MCChampionship_,tommyinnit,51
MCChampionship_,willcreated,10
MCChampionship_,youtooz,26
Minecraft,MrBeast,19
Minecraft,Nihaachu,14
Minecraft,Ninja,9
Minecraft,NotAntfrost,12
Minecraft,Ph1LzA,19
Minecraft,Pikaclicks,5
Minecraft,PlanetDuckk,5
Minecraft,ProbablyKaz,9
Minecraft,Punztw,10
Minecraft,Quackity,17
Minecraft,Ranboosaysstuff,19
Minecraft,ShquareSMP,7
Minecraft,Skeppy,4
Minecraft,Slimecicle,7
Minecraft,Smajor1995,11
Minecraft,Sneegsnag,7
Minecraft,Spifeyy,7
Minecraft,Spotify,4
Minecraft,SquidGameEvent,7
Minecraft,TapLHarV,8
Minecraft,Technothepig,11
Minecraft,TubboLive,19
Minecraft,TubboTWO,13
Minecraft,Twitch,11
Minecraft,TwitchSupport,8
Minecraft,Twitter,4
Minecraft,VelvetIsCake,10
Minecraft,WilburSoot,17
Minecraft,YouTube,12
Minecraft,aimseytv,7
Minecraft,bearbubb,9
Minecraft,cupTWOst,6
Minecraft,cuptoast,6
Minecraft,discord,9
Minecraft,dreamhangout,7
Minecraft,dreamsecretclub,9
Minecraft,dreamwastaken,28
Minecraft,dreamwastaken2,4
Minecraft,elonmusk,7
Minecraft,hannahm130,6
Minecraft,honkkarl,12
Minecraft,jschlatt,8
Minecraft,mcLIVESMP,9
Minecraft,nathansmokee,9
Minecraft,nebbiiee,8
Minecraft,pisolive,3
Minecraft,pleasedshibe1,19
Minecraft,pokimanelol,9
Minecraft,ppredictors,8
Minecraft,quackity4k,14
Minecraft,ranaltboo,13
Minecraft,realDonaldTrump,4
Minecraft,sapnap,12
Minecraft,sapnapalt,13
Minecraft,smpupdate,4
Minecraft,sniffalt,6
Minecraft,snifferish,8
Minecraft,spoon_ahhh,10
Minecraft,tommyaltinnit,19
Minecraft,tommyinnit,25
Minecraft,willcreated,6
Minecraft,youtooz,12
MrBeast,NRGgg,5
MrBeast,Nihaachu,21
MrBeast,Ninja,11
MrBeast,NotAntfrost,14
MrBeast,Ph1LzA,25
MrBeast,Pikaclicks,6
MrBeast,PlanetDuckk,5
MrBeast,ProbablyKaz,8
MrBeast,Punztw,14
MrBeast,Quackity,24
MrBeast,RLEsports,4
MrBeast,Ranboosaysstuff,33
MrBeast,RocketLeague,5
MrBeast,ShquareSMP,6
MrBeast,Skeppy,12
MrBeast,Slimecicle,12
MrBeast,Smajor1995,16
MrBeast,Sneegsnag,9
MrBeast,Spifeyy,10
MrBeast,Spotify,3
MrBeast,SquidGameEvent,11
MrBeast,SquishyMuffinz,5
MrBeast,TapLHarV,12
MrBeast,Technothepig,13
MrBeast,TubboLive,29
MrBeast,TubboTWO,20
MrBeast,Twitch,15
MrBeast,TwitchSupport,10
MrBeast,Twitter,9
MrBeast,VelvetIsCake,12
MrBeast,WilburSoot,24
MrBeast,YouTube,16
MrBeast,aimseytv,14
MrBeast,bearbubb,17
MrBeast,cupTWOst,10
MrBeast,cuptoast,9
MrBeast,discord,15
MrBeast,dreamhangout,7
MrBeast,dreamsecretclub,9
MrBeast,dreamwastaken,42
MrBeast,dreamwastaken2,6
MrBeast,elonmusk,10
MrBeast,hannahm130,8
MrBeast,honkkarl,20
MrBeast,jschlatt,16
MrBeast,markiplier,7
MrBeast,mcLIVESMP,11
MrBeast,nathansmokee,9
MrBeast,nebbiiee,11
MrBeast,pisolive,11
MrBeast,pleasedshibe1,27
MrBeast,pokimanelol,8
MrBeast,ppredictors,9
MrBeast,quackity4k,21
MrBeast,ranaltboo,22
MrBeast,realDonaldTrump,7
MrBeast,sapnap,15
MrBeast,sapnapalt,19
MrBeast,smpupdate,8
MrBeast,sniffalt,12
MrBeast,snifferish,15
MrBeast,spoon_ahhh,11
MrBeast,tommyaltinnit,28
MrBeast,tommyinnit,39
MrBeast,willcreated,11
MrBeast,youtooz,17
NRGgg,Ninja,5
NRGgg,RLEsports,14
NRGgg,RocketLeague,12
NRGgg,SquishyMuffinz,14
NRGgg,Twitch,6
NRGgg,Twitter,3
NRGgg,YouTube,7
NRGgg,discord,5
NRGgg,elonmusk,4
NRGgg,nebbiiee,13
NRGgg,pleasedshibe1,7
NRGgg,pokimanelol,3
Nihaachu,Ninja,5
Nihaachu,NotAntfrost,12
Nihaachu,Ph1LzA,24
Nihaachu,Pikaclicks,6
Nihaachu,PlanetDuckk,7
Nihaachu,ProbablyKaz,4
Nihaachu,Punztw,13
Nihaachu,Quackity,26
Nihaachu,Ranboosaysstuff,31
Nihaachu,Skeppy,17
Nihaachu,Slimecicle,10
Nihaachu,Smajor1995,19
Nihaachu,Sneegsnag,10
Nihaachu,Spifeyy,16
Nihaachu,TapLHarV,13
Nihaachu,Technothepig,16
Nihaachu,TubboLive,28
Nihaachu,TubboTWO,17
Nihaachu,Twitch,6
Nihaachu,TwitchSupport,5
Nihaachu,Twitter,5
Nihaachu,VelvetIsCake,15
Nihaachu,WilburSoot,27
Nihaachu,YouTube,6
Nihaachu,aimseytv,9
Nihaachu,bearbubb,12
Nihaachu,cupTWOst,9
Nihaachu,cuptoast,8
Nihaachu,discord,7
Nihaachu,dreamhangout,14
Nihaachu,dreamsecretclub,10
Nihaachu,dreamwastaken,37
Nihaachu,dreamwastaken2,12
Nihaachu,elonmusk,3
Nihaachu,hannahm130,3
Nihaachu,honkkarl,18
Nihaachu,jschlatt,15
Nihaachu,markiplier,5
Nihaachu,mcLIVESMP,8
Nihaachu,nathansmokee,11
Nihaachu,nebbiiee,3
Nihaachu,pisolive,3
Nihaachu,pleasedshibe1,14
Nihaachu,pokimanelol,9
Nihaachu,ppredictors,10
Nihaachu,quackity4k,24
Nihaachu,ranaltboo,24
Nihaachu,realDonaldTrump,4
Nihaachu,sapnap,20
Nihaachu,sapnapalt,26
Nihaachu,smpupdate,9
Nihaachu,sniffalt,13
Nihaachu,snifferish,17
Nihaachu,spoon_ahhh,5
Nihaachu,tommyaltinnit,22
Nihaachu,tommyinnit,35
Nihaachu,willcreated,4
Nihaachu,youtooz,16
Ninja,Ph1LzA,7
Ninja,ProbablyKaz,4
Ninja,Punztw,5
Ninja,Quackity,9
Ninja,RLEsports,3
Ninja,Ranboosaysstuff,8
Ninja,RocketLeague,3
Ninja,ShquareSMP,4
Ninja,Skeppy,3
Ninja,Slimecicle,4
Ninja,Smajor1995,3
Ninja,Spotify,4
Ninja,SquidGameEvent,4
Ninja,SquishyMuffinz,4
Ninja,Technothepig,6
Ninja,TubboLive,7
Ninja,TubboTWO,8
Ninja,Twitch,9
Ninja,TwitchSupport,3
Ninja,Twitter,4
Ninja,VelvetIsCake,3
Ninja,WilburSoot,7
Ninja,YouTube,9
Ninja,aimseytv,5
Ninja,bearbubb,5
Ninja,cupTWOst,3
Ninja,cuptoast,5
Ninja,discord,7
Ninja,dreamwastaken,12
Ninja,elonmusk,5
Ninja,hannahm130,3
Ninja,honkkarl,3
Ninja,jschlatt,7
Ninja,mcLIVESMP,7
Ninja,nebbiiee,8
Ninja,pisolive,5
Ninja,pleasedshibe1,8
Ninja,pokimanelol,6
Ninja,quackity4k,5
Ninja,ranaltboo,7
Ninja,realDonaldTrump,4
Ninja,sapnap,4
Ninja,sapnapalt,4
Ninja,sniffalt,3
Ninja,snifferish,4
Ninja,spoon_ahhh,4
Ninja,tommyaltinnit,10
Ninja,tommyinnit,12
Ninja,willcreated,3
Ninja,youtooz,6
NotAntfrost,Ph1LzA,14
NotAntfrost,Pikaclicks,3
NotAntfrost,PlanetDuckk,7
NotAntfrost,Punztw,17
NotAntfrost,Quackity,17
NotAntfrost,Ranboosaysstuff,20
NotAntfrost,Skeppy,8
NotAntfrost,Slimecicle,6
NotAntfrost,Smajor1995,10
NotAntfrost,Sneegsnag,8
NotAntfrost,Spifeyy,6
NotAntfrost,TapLHarV,9
NotAntfrost,Technothepig,11
NotAntfrost,TubboLive,20
NotAntfrost,TubboTWO,13
NotAntfrost,Twitch,6
NotAntfrost,TwitchSupport,5
NotAntfrost,Twitter,6
NotAntfrost,VelvetIsCake,14
NotAntfrost,WilburSoot,15
NotAntfrost,YouTube,3
NotAntfrost,aimseytv,7
NotAntfrost,bearbubb,6
NotAntfrost,cupTWOst,5
NotAntfrost,cuptoast,5
NotAntfrost,discord,5
NotAntfrost,dreamhangout,7
NotAntfrost,dreamsecretclub,9
NotAntfrost,dreamwastaken,23
NotAntfrost,dreamwastaken2,6
NotAntfrost,elonmusk,3
NotAntfrost,honkkarl,14
NotAntfrost,jschlatt,7
NotAntfrost,nathansmokee,5
NotAntfrost,pisolive,6
NotAntfrost,pleasedshibe1,6
NotAntfrost,pokimanelol,6
NotAntfrost,ppredictors,9
NotAntfrost,quackity4k,17
NotAntfrost,ranaltboo,16
NotAntfrost,sapnap,15
NotAntfrost,sapnapalt,15
NotAntfrost,smpupdate,6
NotAntfrost,sniffalt,11
NotAntfrost,snifferish,10
NotAntfrost,tommyaltinnit,17
NotAntfrost,tommyinnit,20
NotAntfrost,youtooz,9
Ph1LzA,Pikaclicks,6
Ph1LzA,PlanetDuckk,8
Ph1LzA,ProbablyKaz,5
Ph1LzA,Punztw,16
Ph1LzA,Quackity,26
Ph1LzA,Ranboosaysstuff,37
Ph1LzA,ShquareSMP,5
Ph1LzA,Skeppy,13
Ph1LzA,Slimecicle,13
Ph1LzA,Smajor1995,16
Ph1LzA,Sneegsnag,10
Ph1LzA,Spifeyy,13
Ph1LzA,SquidGameEvent,4
Ph1LzA,TapLHarV,15
Ph1LzA,Technothepig,20
Ph1LzA,TubboLive,34
Ph1LzA,TubboTWO,20
Ph1LzA,Twitch,9
Ph1LzA,TwitchSupport,4
Ph1LzA,Twitter,5
Ph1LzA,VelvetIsCake,15
Ph1LzA,WilburSoot,26
Ph1LzA,YouTube,8
Ph1LzA,aimseytv,11
Ph1LzA,bearbubb,15
Ph1LzA,cupTWOst,11
Ph1LzA,cuptoast,9
Ph1LzA,discord,8
Ph1LzA,dreamhangout,13
Ph1LzA,dreamsecretclub,12
Ph1LzA,dreamwastaken,38
Ph1LzA,dreamwastaken2,9
Ph1LzA,elonmusk,5
Ph1LzA,hannahm130,4
Ph1LzA,honkkarl,18
Ph1LzA,jschlatt,16
Ph1LzA,markiplier,5
Ph1LzA,mcLIVESMP,8
Ph1LzA,nathansmokee,9
Ph1LzA,nebbiiee,5
Ph1LzA,pisolive,4
Ph1LzA,pleasedshibe1,18
Ph1LzA,pokimanelol,8
Ph1LzA,ppredictors,11
Ph1LzA,quackity4k,26
Ph1LzA,ranaltboo,27
Ph1LzA,realDonaldTrump,4
Ph1LzA,sapnap,18
Ph1LzA,sapnapalt,22
Ph1LzA,smpupdate,11
Ph1LzA,sniffalt,11
Ph1LzA,snifferish,12
Ph1LzA,spoon_ahhh,10
Ph1LzA,tommyaltinnit,27
Ph1LzA,tommyinnit,40
Ph1LzA,willcreated,5
Ph1LzA,youtooz,21
Pikaclicks,PlanetDuckk,4
Pikaclicks,ProbablyKaz,7
Pikaclicks,Punztw,4
Pikaclicks,Quackity,5
Pikaclicks,Ranboosaysstuff,8
Pikaclicks,Skeppy,5
Pikaclicks,Smajor1995,3
Pikaclicks,Sneegsnag,3
Pikaclicks,Spifeyy,3
Pikaclicks,SquidGameEvent,4
Pikaclicks,TapLHarV,5
Pikaclicks,Technothepig,5
Pikaclicks,TubboLive,8
Pikaclicks,TubboTWO,3
Pikaclicks,TwitchSupport,4
Pikaclicks,VelvetIsCake,3
Pikaclicks,WilburSoot,5
Pikaclicks,YouTube,4
Pikaclicks,aimseytv,4
Pikaclicks,bearbubb,6
Pikaclicks,cupTWOst,4
Pikaclicks,cuptoast,3
Pikaclicks,dreamhangout,3
Pikaclicks,dreamsecretclub,5
Pikaclicks,dreamwastaken,13
Pikaclicks,dreamwastaken2,3
Pikaclicks,hannahm130,4
Pikaclicks,honkkarl,3
Pikaclicks,jschlatt,5
Pikaclicks,mcLIVESMP,3
Pikaclicks,nathansmokee,5
Pikaclicks,nebbiiee,3
Pikaclicks,pleasedshibe1,6
Pikaclicks,ppredictors,4
Pikaclicks,quackity4k,7
Pikaclicks,ranaltboo,4
Pikaclicks,sapnap,6
Pikaclicks,sapnapalt,6
Pikaclicks,snifferish,3
Pikaclicks,spoon_ahhh,4
Pikaclicks,tommyaltinnit,8
Pikaclicks,tommyinnit,9
Pikaclicks,willcreated,8
Pikaclicks,youtooz,5
PlanetDuckk,ProbablyKaz,3
PlanetDuckk,Punztw,6
PlanetDuckk,Quackity,12
PlanetDuckk,Ranboosaysstuff,12
PlanetDuckk,Skeppy,5
PlanetDuckk,Slimecicle,5
PlanetDuckk,Smajor1995,5
PlanetDuckk,Sneegsnag,4
PlanetDuckk,TubboLive,11
PlanetDuckk,TubboTWO,7
PlanetDuckk,Twitter,3
PlanetDuckk,VelvetIsCake,7
PlanetDuckk,WilburSoot,7
PlanetDuckk,aimseytv,4
PlanetDuckk,bearbubb,5
PlanetDuckk,cupTWOst,3
PlanetDuckk,dreamhangout,4
PlanetDuckk,dreamsecretclub,8
PlanetDuckk,dreamwastaken,15
PlanetDuckk,honkkarl,7
PlanetDuckk,jschlatt,3
PlanetDuckk,nathansmokee,5
PlanetDuckk,pisolive,3
PlanetDuckk,pleasedshibe1,5
PlanetDuckk,ppredictors,7
PlanetDuckk,quackity4k,11
PlanetDuckk,ranaltboo,10
PlanetDuckk,sapnap,9
PlanetDuckk,sapnapalt,9
PlanetDuckk,smpupdate,5
PlanetDuckk,sniffalt,7
PlanetDuckk,snifferish,7
PlanetDuckk,spoon_ahhh,3
PlanetDuckk,tommyaltinnit,12
PlanetDuckk,tommyinnit,11
PlanetDuckk,willcreated,3
PlanetDuckk,youtooz,5
ProbablyKaz,Punztw,4
ProbablyKaz,Quackity,6
ProbablyKaz,Ranboosaysstuff,6
ProbablyKaz,ShquareSMP,4
ProbablyKaz,Skeppy,3
ProbablyKaz,Spifeyy,3
ProbablyKaz,SquidGameEvent,4
ProbablyKaz,Technothepig,4
ProbablyKaz,TubboLive,7
ProbablyKaz,TubboTWO,5
ProbablyKaz,Twitch,3
ProbablyKaz,TwitchSupport,4
ProbablyKaz,VelvetIsCake,4
ProbablyKaz,WilburSoot,5
ProbablyKaz,YouTube,7
ProbablyKaz,aimseytv,4
ProbablyKaz,bearbubb,4
ProbablyKaz,discord,4
ProbablyKaz,dreamsecretclub,4
ProbablyKaz,dreamwastaken,10
ProbablyKaz,elonmusk,3
ProbablyKaz,hannahm130,13
ProbablyKaz,honkkarl,3
ProbablyKaz,jschlatt,3
ProbablyKaz,nathansmokee,3
ProbablyKaz,nebbiiee,6
ProbablyKaz,pleasedshibe1,12
ProbablyKaz,ppredictors,3
ProbablyKaz,quackity4k,7
ProbablyKaz,ranaltboo,3
ProbablyKaz,realDonaldTrump,3
ProbablyKaz,sapnap,5
ProbablyKaz,sapnapalt,5
ProbablyKaz,spoon_ahhh,11
ProbablyKaz,tommyaltinnit,8
ProbablyKaz,tommyinnit,9
ProbablyKaz,willcreated,4
ProbablyKaz,youtooz,4
Punztw,Quackity,18
Punztw,Ranboosaysstuff,21
Punztw,Skeppy,11
Punztw,Slimecicle,8
Punztw,Smajor1995,11
Punztw,Sneegsnag,7
Punztw,Spifeyy,5
Punztw,TapLHarV,11
Punztw,Technothepig,10
Punztw,TubboLive,20
Punztw,TubboTWO,14
Punztw,Twitch,5
Punztw,TwitchSupport,3
Punztw,Twitter,6
Punztw,VelvetIsCake,14
Punztw,WilburSoot,14
Punztw,aimseytv,7
Punztw,bearbubb,6
Punztw,cupTWOst,5
Punztw,cuptoast,6
Punztw,discord,5
Punztw,dreamhangout,9
Punztw,dreamsecretclub,10
Punztw,dreamwastaken,24
Punztw,dreamwastaken2,4
Punztw,elonmusk,3
Punztw,honkkarl,14
Punztw,jschlatt,5
Punztw,mcLIVESMP,3
Punztw,nathansmokee,4
Punztw,pisolive,4
Punztw,pleasedshibe1,6
Punztw,pokimanelol,7
Punztw,ppredictors,7
Punztw,quackity4k,18
Punztw,ranaltboo,18
Punztw,sapnap,17
Punztw,sapnapalt,18
Punztw,smpupdate,8
Punztw,sniffalt,9
Punztw,snifferish,6
Punztw,tommyaltinnit,19
Punztw,tommyinnit,21
Punztw,youtooz,8
Quackity,Ranboosaysstuff,36
Quackity,ShquareSMP,3
Quackity,Skeppy,17
Quackity,Slimecicle,18
Quackity,Smajor1995,17
Quackity,Sneegsnag,11
Quackity,Spifeyy,16
Quackity,Spotify,3
Quackity,TapLHarV,17
Quackity,Technothepig,19
Quackity,TubboLive,39
Quackity,TubboTWO,21
Quackity,Twitch,7
Quackity,TwitchSupport,5
Quackity,Twitter,9
Quackity,VelvetIsCake,20
Quackity,WilburSoot,29
Quackity,YouTube,7
Quackity,aimseytv,10
Quackity,bearbubb,10
Quackity,cupTWOst,7
Quackity,cuptoast,9
Quackity,discord,8
Quackity,dreamhangout,15
Quackity,dreamsecretclub,13
Quackity,dreamwastaken,46
Quackity,dreamwastaken2,13
Quackity,elonmusk,3
Quackity,hannahm130,5
Quackity,honkkarl,27
Quackity,jschlatt,19
Quackity,markiplier,4
Quackity,mcLIVESMP,4
Quackity,nathansmokee,10
Quackity,nebbiiee,3
Quackity,pisolive,7
Quackity,pleasedshibe1,17
Quackity,pokimanelol,14
Quackity,ppredictors,15
Quackity,quackity4k,38
Quackity,ranaltboo,26
Quackity,realDonaldTrump,5
Quackity,sapnap,30
Quackity,sapnapalt,36
Quackity,smpupdate,15
Quackity,sniffalt,17
Quackity,snifferish,19
Quackity,spoon_ahhh,9
Quackity,tommyaltinnit,27
Quackity,tommyinnit,45
Quackity,youtooz,19
RLEsports,RocketLeague,16
RLEsports,SquishyMuffinz,15
RLEsports,Twitch,9
RLEsports,YouTube,7
RLEsports,discord,5
RLEsports,elonmusk,4
RLEsports,nebbiiee,15
RLEsports,pleasedshibe1,10
RLEsports,pokimanelol,3
Ranboosaysstuff,ShquareSMP,6
Ranboosaysstuff,Skeppy,16
Ranboosaysstuff,Slimecicle,19
Ranboosaysstuff,Smajor1995,24
Ranboosaysstuff,Sneegsnag,15
Ranboosaysstuff,Spifeyy,16
Ranboosaysstuff,Spotify,3
Ranboosaysstuff,SquidGameEvent,6
Ranboosaysstuff,TapLHarV,19
Ranboosaysstuff,Technothepig,21
Ranboosaysstuff,TubboLive,47
Ranboosaysstuff,TubboTWO,29
Ranboosaysstuff,Twitch,11
Ranboosaysstuff,TwitchSupport,7
Ranboosaysstuff,Twitter,10
Ranboosaysstuff,VelvetIsCake,20
Ranboosaysstuff,WilburSoot,36
Ranboosaysstuff,YouTube,9
Ranboosaysstuff,aimseytv,18
Ranboosaysstuff,bearbubb,16
Ranboosaysstuff,cupTWOst,16
Ranboosaysstuff,cuptoast,11
Ranboosaysstuff,discord,12
Ranboosaysstuff,dreamhangout,16
Ranboosaysstuff,dreamsecretclub,19
Ranboosaysstuff,dreamwastaken,59
Ranboosaysstuff,dreamwastaken2,10
Ranboosaysstuff,elonmusk,6
Ranboosaysstuff,hannahm130,6
Ranboosaysstuff,honkkarl,29
Ranboosaysstuff,jschlatt,21
Ranboosaysstuff,markiplier,7
Ranboosaysstuff,mcLIVESMP,8
Ranboosaysstuff,nathansmokee,12
Ranboosaysstuff,nebbiiee,8
Ranboosaysstuff,pisolive,7
Ranboosaysstuff,pleasedshibe1,24
Ranboosaysstuff,pokimanelol,10
Ranboosaysstuff,ppredictors,13
Ranboosaysstuff,quackity4k,37
Ranboosaysstuff,ranaltboo,45
Ranboosaysstuff,sapnap,23
Ranboosaysstuff,sapnapalt,31
Ranboosaysstuff,smpupdate,16
Ranboosaysstuff,sniffalt,21
Ranboosaysstuff,snifferish,24
Ranboosaysstuff,spoon_ahhh,9
Ranboosaysstuff,tommyaltinnit,35
Ranboosaysstuff,tommyinnit,51
Ranboosaysstuff,willcreated,8
Ranboosaysstuff,youtooz,23
RocketLeague,SquishyMuffinz,12
RocketLeague,Twitch,9
RocketLeague,TwitchSupport,3
RocketLeague,Twitter,3
RocketLeague,YouTube,8
RocketLeague,discord,6
RocketLeague,elonmusk,4
RocketLeague,nebbiiee,14
RocketLeague,pleasedshibe1,11
RocketLeague,pokimanelol,3
ShquareSMP,SquidGameEvent,5
ShquareSMP,Technothepig,5
ShquareSMP,TubboLive,5
ShquareSMP,TubboTWO,3
ShquareSMP,Twitch,7
ShquareSMP,WilburSoot,5
ShquareSMP,YouTube,5
ShquareSMP,aimseytv,4
ShquareSMP,bearbubb,3
ShquareSMP,cupTWOst,3
ShquareSMP,discord,5
ShquareSMP,dreamwastaken,11
ShquareSMP,elonmusk,4
ShquareSMP,hannahm130,9
ShquareSMP,jschlatt,4
ShquareSMP,mcLIVESMP,4
ShquareSMP,nebbiiee,15
ShquareSMP,pleasedshibe1,23
ShquareSMP,quackity4k,3
ShquareSMP,ranaltboo,6
ShquareSMP,sapnap,3
ShquareSMP,spoon_ahhh,14
ShquareSMP,tommyaltinnit,6
ShquareSMP,tommyinnit,7
ShquareSMP,willcreated,4
ShquareSMP,youtooz,4
Skeppy,Slimecicle,7
Skeppy,Smajor1995,8
Skeppy,Sneegsnag,7
Skeppy,Spifeyy,9
Skeppy,TapLHarV,10
Skeppy,Technothepig,12
Skeppy,TubboLive,17
Skeppy,TubboTWO,7
Skeppy,Twitch,3
Skeppy,TwitchSupport,4
Skeppy,Twitter,5
Skeppy,VelvetIsCake,10
Skeppy,WilburSoot,15
Skeppy,YouTube,3
Skeppy,aimseytv,3
Skeppy,bearbubb,6
Skeppy,cupTWOst,4
Skeppy,cuptoast,6
Skeppy,discord,5
Skeppy,dreamhangout,7
Skeppy,dreamsecretclub,3
Skeppy,dreamwastaken,23
Skeppy,dreamwastaken2,9
Skeppy,elonmusk,4
Skeppy,hannahm130,3
Skeppy,honkkarl,11
Skeppy,jschlatt,10
Skeppy,markiplier,4
Skeppy,nathansmokee,5
Skeppy,pleasedshibe1,7
Skeppy,pokimanelol,6
Skeppy,ppredictors,8
Skeppy,quackity4k,16
Skeppy,ranaltboo,12
Skeppy,realDonaldTrump,3
Skeppy,sapnap,14
Skeppy,sapnapalt,17
Skeppy,smpupdate,9
Skeppy,sniffalt,6
Skeppy,snifferish,8
Skeppy,spoon_ahhh,4
Skeppy,tommyaltinnit,14
Skeppy,tommyinnit,20
Skeppy,youtooz,9
Slimecicle,Smajor1995,8
Slimecicle,Sneegsnag,8
Slimecicle,Spifeyy,6
Slimecicle,TapLHarV,8
Slimecicle,Technothepig,7
Slimecicle,TubboLive,18
Slimecicle,TubboTWO,12
Slimecicle,Twitch,5
Slimecicle,Twitter,3
Slimecicle,VelvetIsCake,11
Slimecicle,WilburSoot,13
Slimecicle,YouTube,4
Slimecicle,aimseytv,5
Slimecicle,bearbubb,6
Slimecicle,cupTWOst,5
Slimecicle,cuptoast,6
Slimecicle,dreamhangout,4
Slimecicle,dreamsecretclub,7
Slimecicle,dreamwastaken,20
Slimecicle,dreamwastaken2,4
Slimecicle,honkkarl,14
Slimecicle,jschlatt,9
Slimecicle,markiplier,4
Slimecicle,nathansmokee,3
Slimecicle,nebbiiee,3
Slimecicle,pisolive,3
Slimecicle,pleasedshibe1,11
Slimecicle,pokimanelol,7
Slimecicle,ppredictors,5
Slimecicle,quackity4k,16
Slimecicle,ranaltboo,15
Slimecicle,sapnap,12
Slimecicle,sapnapalt,14
Slimecicle,smpupdate,9
Slimecicle,sniffalt,6
Slimecicle,snifferish,9
Slimecicle,spoon_ahhh,4
Slimecicle,tommyaltinnit,16
Slimecicle,tommyinnit,19
Slimecicle,youtooz,12
Smajor1995,Sneegsnag,9
Smajor1995,Spifeyy,9
Smajor1995,TapLHarV,12
Smajor1995,Technothepig,8
Smajor1995,TubboLive,19
Smajor1995,TubboTWO,13
Smajor1995,Twitch,4
Smajor1995,TwitchSupport,3
Smajor1995,Twitter,4
Smajor1995,VelvetIsCake,11
Smajor1995,WilburSoot,19
Smajor1995,aimseytv,8
Smajor1995,bearbubb,10
Smajor1995,cupTWOst,7
Smajor1995,cuptoast,6
Smajor1995,discord,4
Smajor1995,dreamhangout,8
Smajor1995,dreamsecretclub,11
Smajor1995,dreamwastaken,24
Smajor1995,dreamwastaken2,6
Smajor1995,honkkarl,13
Smajor1995,jschlatt,7
Smajor1995,markiplier,3
Smajor1995,mcLIVESMP,6
Smajor1995,nathansmokee,7
Smajor1995,nebbiiee,3
Smajor1995,pleasedshibe1,10
Smajor1995,pokimanelol,7
Smajor1995,ppredictors,6
Smajor1995,quackity4k,17
Smajor1995,ranaltboo,21
Smajor1995,sapnap,13
Smajor1995,sapnapalt,18
Smajor1995,smpupdate,6
Smajor1995,sniffalt,13
Smajor1995,snifferish,12
Smajor1995,tommyaltinnit,17
Smajor1995,tommyinnit,22
Smajor1995,willcreated,4
Smajor1995,youtooz,15
Sneegsnag,Spifeyy,7
Sneegsnag,TapLHarV,4
Sneegsnag,Technothepig,5
Sneegsnag,TubboLive,15
Sneegsnag,TubboTWO,9
Sneegsnag,Twitch,5
Sneegsnag,Twitter,4
Sneegsnag,VelvetIsCake,6
Sneegsnag,WilburSoot,12
Sneegsnag,YouTube,3
Sneegsnag,aimseytv,6
Sneegsnag,bearbubb,6
Sneegsnag,cupTWOst,6
Sneegsnag,discord,3
Sneegsnag,dreamhangout,5
Sneegsnag,dreamsecretclub,4
Sneegsnag,dreamwastaken,17
Sneegsnag,dreamwastaken2,4
Sneegsnag,honkkarl,9
Sneegsnag,jschlatt,6
Sneegsnag,nathansmokee,4
Sneegsnag,nebbiiee,3
Sneegsnag,pisolive,3
Sneegsnag,pleasedshibe1,9
Sneegsnag,pokimanelol,5
Sneegsnag,ppredictors,7
Sneegsnag,quackity4k,11
Sneegsnag,ranaltboo,13
Sneegsnag,sapnap,8
Sneegsnag,sapnapalt,10
Sneegsnag,smpupdate,4
Sneegsnag,sniffalt,6
Sneegsnag,snifferish,7
Sneegsnag,spoon_ahhh,5
Sneegsnag,tommyaltinnit,13
Sneegsnag,tommyinnit,16
Sneegsnag,youtooz,8
Spifeyy,TapLHarV,7
Spifeyy,Technothepig,11
Spifeyy,TubboLive,17
Spifeyy,TubboTWO,11
Spifeyy,Twitter,3
Spifeyy,VelvetIsCake,10
Spifeyy,WilburSoot,14
Spifeyy,YouTube,5
Spifeyy,aimseytv,3
Spifeyy,bearbubb,3
Spifeyy,discord,3
Spifeyy,dreamhangout,7
Spifeyy,dreamsecretclub,3
Spifeyy,dreamwastaken,21
Spifeyy,dreamwastaken2,10
Spifeyy,hannahm130,4
Spifeyy,honkkarl,10
Spifeyy,jschlatt,10
Spifeyy,markiplier,4
Spifeyy,nathansmokee,5
Spifeyy,pleasedshibe1,7
Spifeyy,pokimanelol,6
Spifeyy,ppredictors,7
Spifeyy,quackity4k,14
Spifeyy,ranaltboo,9
Spifeyy,realDonaldTrump,3
Spifeyy,sapnap,12
Spifeyy,sapnapalt,15
Spifeyy,smpupdate,4
Spifeyy,sniffalt,6
Spifeyy,snifferish,6
Spifeyy,spoon_ahhh,4
Spifeyy,tommyaltinnit,7
Spifeyy,tommyinnit,19
Spifeyy,youtooz,9
Spotify,SquidGameEvent,3
Spotify,TubboLive,3
Spotify,Twitch,5
Spotify,Twitter,6
Spotify,YouTube,3
Spotify,discord,4
Spotify,dreamwastaken,7
Spotify,elonmusk,5
Spotify,jschlatt,4
Spotify,nebbiiee,3
Spotify,pisolive,5
Spotify,pleasedshibe1,3
Spotify,pokimanelol,3
Spotify,ppredictors,4
Spotify,ranaltboo,3
Spotify,realDonaldTrump,3
Spotify,tommyaltinnit,3
Spotify,tommyinnit,4
Spotify,willcreated,3
SquidGameEvent,Technothepig,3
SquidGameEvent,TubboLive,4
SquidGameEvent,TubboTWO,3
SquidGameEvent,Twitch,6
SquidGameEvent,TwitchSupport,4
SquidGameEvent,WilburSoot,4
SquidGameEvent,YouTube,4
SquidGameEvent,aimseytv,5
SquidGameEvent,bearbubb,6
SquidGameEvent,cupTWOst,5
SquidGameEvent,discord,3
SquidGameEvent,dreamsecretclub,3
SquidGameEvent,dreamwastaken,17
SquidGameEvent,hannahm130,5
SquidGameEvent,jschlatt,3
SquidGameEvent,markiplier,3
SquidGameEvent,mcLIVESMP,9
SquidGameEvent,nathansmokee,5
SquidGameEvent,nebbiiee,4
SquidGameEvent,pisolive,5
SquidGameEvent,pleasedshibe1,10
SquidGameEvent,quackity4k,3
SquidGameEvent,ranaltboo,4
SquidGameEvent,spoon_ahhh,6
SquidGameEvent,tommyaltinnit,9
SquidGameEvent,tommyinnit,7
SquidGameEvent,willcreated,11
SquidGameEvent,youtooz,4
SquishyMuffinz,Twitch,6
SquishyMuffinz,YouTube,6
SquishyMuffinz,discord,6
SquishyMuffinz,elonmusk,4
SquishyMuffinz,nebbiiee,12
SquishyMuffinz,pleasedshibe1,7
SquishyMuffinz,pokimanelol,3
TapLHarV,Technothepig,11
TapLHarV,TubboLive,19
TapLHarV,TubboTWO,9
TapLHarV,Twitter,5
TapLHarV,VelvetIsCake,10
TapLHarV,WilburSoot,15
TapLHarV,YouTube,7
TapLHarV,aimseytv,8
TapLHarV,bearbubb,6
TapLHarV,cupTWOst,4
TapLHarV,cuptoast,8
TapLHarV,discord,6
TapLHarV,dreamhangout,11
TapLHarV,dreamsecretclub,8
TapLHarV,dreamwastaken,23
TapLHarV,dreamwastaken2,8
TapLHarV,honkkarl,13
TapLHarV,jschlatt,7
TapLHarV,markiplier,4
TapLHarV,nathansmokee,5
TapLHarV,nebbiiee,3
TapLHarV,pleasedshibe1,11
TapLHarV,pokimanelol,9
TapLHarV,ppredictors,7
TapLHarV,quackity4k,19
TapLHarV,ranaltboo,15
TapLHarV,realDonaldTrump,4
TapLHarV,sapnap,15
TapLHarV,sapnapalt,19
TapLHarV,smpupdate,10
TapLHarV,sniffalt,7
TapLHarV,snifferish,8
TapLHarV,tommyaltinnit,12
TapLHarV,tommyinnit,20
TapLHarV,willcreated,3
TapLHarV,youtooz,10
Technothepig,TubboLive,21
Technothepig,TubboTWO,12
Technothepig,Twitch,5
Technothepig,TwitchSupport,5
Technothepig,Twitter,3
Technothepig,VelvetIsCake,11
Technothepig,WilburSoot,16
Technothepig,YouTube,10
Technothepig,aimseytv,4
Technothepig,bearbubb,6
Technothepig,cupTWOst,8
Technothepig,cuptoast,4
Technothepig,discord,10
Technothepig,dreamhangout,9
Technothepig,dreamsecretclub,6
Technothepig,dreamwastaken,26
Technothepig,dreamwastaken2,12
Technothepig,elonmusk,4
Technothepig,hannahm130,5
Technothepig,honkkarl,12
Technothepig,jschlatt,13
Technothepig,markiplier,5
Technothepig,mcLIVESMP,5
Technothepig,nathansmokee,3
Technothepig,nebbiiee,8
Technothepig,pisolive,3
Technothepig,pleasedshibe1,14
Technothepig,pokimanelol,7
Technothepig,ppredictors,8
Technothepig,quackity4k,17
Technothepig,ranaltboo,15
Technothepig,realDonaldTrump,4
Technothepig,sapnap,18
Technothepig,sapnapalt,16
Technothepig,smpupdate,7
Technothepig,sniffalt,6
Technothepig,snifferish,8
Technothepig,spoon_ahhh,8
Technothepig,tommyaltinnit,15
Technothepig,tommyinnit,24
Technothepig,willcreated,3
Technothepig,youtooz,15
TubboLive,TubboTWO,29
TubboLive,Twitch,12
TubboLive,TwitchSupport,7
TubboLive,Twitter,9
TubboLive,VelvetIsCake,21
TubboLive,WilburSoot,32
TubboLive,YouTube,11
TubboLive,aimseytv,15
TubboLive,bearbubb,17
TubboLive,cupTWOst,14
TubboLive,cuptoast,11
TubboLive,discord,11
TubboLive,dreamhangout,14
TubboLive,dreamsecretclub,14
TubboLive,dreamwastaken,55
TubboLive,dreamwastaken2,13
TubboLive,elonmusk,10
TubboLive,hannahm130,5
TubboLive,honkkarl,27
TubboLive,jschlatt,19
TubboLive,markiplier,7
TubboLive,mcLIVESMP,6
TubboLive,nathansmokee,11
TubboLive,nebbiiee,5
TubboLive,pisolive,6
TubboLive,pleasedshibe1,23
TubboLive,pokimanelol,12
TubboLive,ppredictors,14
TubboLive,quackity4k,38
TubboLive,ranaltboo,37
TubboLive,realDonaldTrump,3
TubboLive,sapnap,24
TubboLive,sapnapalt,34
TubboLive,smpupdate,13
TubboLive,sniffalt,19
TubboLive,snifferish,22
TubboLive,spoon_ahhh,11
TubboLive,tommyaltinnit,37
TubboLive,tommyinnit,52
TubboLive,willcreated,6
TubboLive,youtooz,21
TubboTWO,Twitch,7
TubboTWO,TwitchSupport,6
TubboTWO,VelvetIsCake,18
TubboTWO,WilburSoot,21
TubboTWO,YouTube,8
TubboTWO,aimseytv,9
TubboTWO,bearbubb,16
TubboTWO,cupTWOst,8
TubboTWO,cuptoast,6
TubboTWO,discord,6
TubboTWO,dreamhangout,9
TubboTWO,dreamsecretclub,11
TubboTWO,dreamwastaken,34
TubboTWO,dreamwastaken2,7
TubboTWO,elonmusk,5
TubboTWO,hannahm130,4
TubboTWO,honkkarl,18
TubboTWO,jschlatt,8
TubboTWO,mcLIVESMP,5
TubboTWO,nathansmokee,6
TubboTWO,nebbiiee,4
TubboTWO,pisolive,7
TubboTWO,pleasedshibe1,18
TubboTWO,pokimanelol,8
TubboTWO,ppredictors,7
TubboTWO,quackity4k,21
TubboTWO,ranaltboo,28
TubboTWO,sapnap,18
TubboTWO,sapnapalt,22
TubboTWO,smpupdate,8
TubboTWO,sniffalt,13
TubboTWO,snifferish,11
TubboTWO,spoon_ahhh,9
TubboTWO,tommyaltinnit,26
TubboTWO,tommyinnit,30
TubboTWO,willcreated,5
TubboTWO,youtooz,15
Twitch,TwitchSupport,12
Twitch,Twitter,8
Twitch,WilburSoot,7
Twitch,YouTube,15
Twitch,aimseytv,9
Twitch,bearbubb,10
Twitch,cupTWOst,6
Twitch,discord,17
Twitch,dreamwastaken,20
Twitch,elonmusk,8
Twitch,hannahm130,5
Twitch,honkkarl,6
Twitch,jschlatt,5
Twitch,markiplier,4
Twitch,mcLIVESMP,8
Twitch,nebbiiee,14
Twitch,pisolive,6
Twitch,pleasedshibe1,25
Twitch,pokimanelol,8
Twitch,quackity4k,6
Twitch,ranaltboo,11
Twitch,realDonaldTrump,6
Twitch,sapnap,5
Twitch,sapnapalt,3
Twitch,sniffalt,4
Twitch,snifferish,5
Twitch,spoon_ahhh,8
Twitch,tommyaltinnit,12
Twitch,tommyinnit,17
Twitch,willcreated,5
Twitch,youtooz,7
TwitchSupport,Twitter,4
TwitchSupport,WilburSoot,6
TwitchSupport,YouTube,5
TwitchSupport,aimseytv,5
TwitchSupport,bearbubb,6
TwitchSupport,discord,7
TwitchSupport,dreamwastaken,10
TwitchSupport,elonmusk,3
TwitchSupport,honkkarl,3
TwitchSupport,mcLIVESMP,4
TwitchSupport,nathansmokee,3
TwitchSupport,nebbiiee,3
TwitchSupport,pisolive,3
TwitchSupport,pleasedshibe1,8
TwitchSupport,pokimanelol,3
TwitchSupport,quackity4k,5
TwitchSupport,ranaltboo,5
TwitchSupport,sapnap,5
TwitchSupport,sapnapalt,3
TwitchSupport,sniffalt,3
TwitchSupport,snifferish,4
TwitchSupport,spoon_ahhh,3
TwitchSupport,tommyaltinnit,7
TwitchSupport,tommyinnit,11
TwitchSupport,willcreated,4
TwitchSupport,youtooz,3
Twitter,VelvetIsCake,5
Twitter,WilburSoot,5
Twitter,YouTube,9
Twitter,aimseytv,6
Twitter,bearbubb,3
Twitter,cupTWOst,3
Twitter,discord,14
Twitter,dreamhangout,3
Twitter,dreamsecretclub,3
Twitter,dreamwastaken,13
Twitter,elonmusk,8
Twitter,honkkarl,6
Twitter,jschlatt,5
Twitter,nathansmokee,6
Twitter,nebbiiee,5
Twitter,pisolive,4
Twitter,pleasedshibe1,6
Twitter,pokimanelol,6
Twitter,ppredictors,5
Twitter,quackity4k,9
Twitter,ranaltboo,4
Twitter,realDonaldTrump,4
Twitter,sapnap,5
Twitter,sapnapalt,7
Twitter,smpupdate,4
Twitter,sniffalt,6
Twitter,snifferish,8
Twitter,tommyaltinnit,9
Twitter,tommyinnit,13
Twitter,willcreated,4
Twitter,youtooz,4
VelvetIsCake,WilburSoot,16
VelvetIsCake,YouTube,3
VelvetIsCake,aimseytv,5
VelvetIsCake,bearbubb,5
VelvetIsCake,cupTWOst,3
VelvetIsCake,cuptoast,3
VelvetIsCake,discord,5
VelvetIsCake,dreamhangout,9
VelvetIsCake,dreamsecretclub,11
VelvetIsCake,dreamwastaken,28
VelvetIsCake,dreamwastaken2,7
VelvetIsCake,honkkarl,15
VelvetIsCake,jschlatt,8
VelvetIsCake,markiplier,3
VelvetIsCake,nathansmokee,7
VelvetIsCake,nebbiiee,3
VelvetIsCake,pisolive,5
VelvetIsCake,pleasedshibe1,8
VelvetIsCake,pokimanelol,7
VelvetIsCake,ppredictors,9
VelvetIsCake,quackity4k,20
VelvetIsCake,ranaltboo,15
VelvetIsCake,sapnap,15
VelvetIsCake,sapnapalt,22
VelvetIsCake,smpupdate,10
VelvetIsCake,sniffalt,11
VelvetIsCake,snifferish,11
VelvetIsCake,tommyaltinnit,17
VelvetIsCake,tommyinnit,22
VelvetIsCake,youtooz,9
WilburSoot,YouTube,6
WilburSoot,aimseytv,12
WilburSoot,bearbubb,14
WilburSoot,cupTWOst,8
WilburSoot,cuptoast,8
WilburSoot,discord,7
WilburSoot,dreamhangout,14
WilburSoot,dreamsecretclub,10
WilburSoot,dreamwastaken,43
WilburSoot,dreamwastaken2,13
WilburSoot,elonmusk,4
WilburSoot,hannahm130,4
WilburSoot,honkkarl,23
WilburSoot,jschlatt,17
WilburSoot,markiplier,3
WilburSoot,mcLIVESMP,8
WilburSoot,nathansmokee,10
WilburSoot,nebbiiee,7
WilburSoot,pisolive,5
WilburSoot,pleasedshibe1,16
WilburSoot,pokimanelol,10
WilburSoot,ppredictors,11
WilburSoot,quackity4k,26
WilburSoot,ranaltboo,26
WilburSoot,realDonaldTrump,4
WilburSoot,sapnap,23
WilburSoot,sapnapalt,26
WilburSoot,smpupdate,12
WilburSoot,sniffalt,13
WilburSoot,snifferish,17
WilburSoot,spoon_ahhh,6
WilburSoot,tommyaltinnit,27
WilburSoot,tommyinnit,40
WilburSoot,willcreated,4
WilburSoot,youtooz,18
YouTube,aimseytv,6
YouTube,bearbubb,6
YouTube,cupTWOst,5
YouTube,cuptoast,3
YouTube,discord,19
YouTube,dreamhangout,3
YouTube,dreamwastaken,15
YouTube,dreamwastaken2,3
YouTube,elonmusk,17
YouTube,hannahm130,7
YouTube,honkkarl,8
YouTube,jschlatt,7
YouTube,markiplier,5
YouTube,mcLIVESMP,4
YouTube,nebbiiee,12
YouTube,pleasedshibe1,24
YouTube,pokimanelol,6
YouTube,ppredictors,4
YouTube,quackity4k,8
YouTube,ranaltboo,5
YouTube,realDonaldTrump,7
YouTube,sapnap,5
YouTube,sapnapalt,6
YouTube,snifferish,4
YouTube,spoon_ahhh,9
YouTube,tommyaltinnit,8
YouTube,tommyinnit,15
YouTube,willcreated,5
YouTube,youtooz,8
aimseytv,bearbubb,9
aimseytv,cupTWOst,5
aimseytv,cuptoast,4
aimseytv,discord,5
aimseytv,dreamsecretclub,6
aimseytv,dreamwastaken,19
aimseytv,hannahm130,4
aimseytv,honkkarl,6
aimseytv,jschlatt,6
aimseytv,markiplier,3
aimseytv,mcLIVESMP,6
aimseytv,nathansmokee,5
aimseytv,nebbiiee,5
aimseytv,pisolive,4
aimseytv,pleasedshibe1,11
aimseytv,pokimanelol,8
aimseytv,ppredictors,4
aimseytv,quackity4k,10
aimseytv,ranaltboo,13
aimseytv,sapnap,8
aimseytv,sapnapalt,8
aimseytv,sniffalt,9
aimseytv,snifferish,10
aimseytv,spoon_ahhh,4
aimseytv,tommyaltinnit,15
aimseytv,tommyinnit,18
aimseytv,willcreated,8
aimseytv,youtooz,6
bearbubb,cupTWOst,8
bearbubb,cuptoast,5
bearbubb,discord,7
bearbubb,dreamhangout,3
bearbubb,dreamsecretclub,6
bearbubb,dreamwastaken,22
bearbubb,elonmusk,4
bearbubb,hannahm130,3
bearbubb,honkkarl,9
bearbubb,jschlatt,5
bearbubb,markiplier,3
bearbubb,mcLIVESMP,9
bearbubb,nathansmokee,4
bearbubb,nebbiiee,4
bearbubb,pisolive,6
bearbubb,pleasedshibe1,15
bearbubb,pokimanelol,4
bearbubb,ppredictors,6
bearbubb,quackity4k,11
bearbubb,ranaltboo,17
bearbubb,sapnap,8
bearbubb,sapnapalt,9
bearbubb,smpupdate,4
bearbubb,sniffalt,7
bearbubb,snifferish,12
bearbubb,spoon_ahhh,6
bearbubb,tommyaltinnit,20
bearbubb,tommyinnit,19
bearbubb,willcreated,9
bearbubb,youtooz,11
cupTWOst,cuptoast,7
cupTWOst,discord,4
cupTWOst,dreamhangout,4
cupTWOst,dreamsecretclub,5
cupTWOst,dreamwastaken,17
cupTWOst,elonmusk,3
cupTWOst,honkkarl,4
cupTWOst,jschlatt,8
cupTWOst,mcLIVESMP,5
cupTWOst,nathansmokee,5
cupTWOst,nebbiiee,3
cupTWOst,pisolive,3
cupTWOst,pleasedshibe1,8
cupTWOst,pokimanelol,3
cupTWOst,ppredictors,6
cupTWOst,quackity4k,8
cupTWOst,ranaltboo,15
cupTWOst,sapnap,4
cupTWOst,sapnapalt,5
cupTWOst,smpupdate,7
cupTWOst,sniffalt,6
cupTWOst,snifferish,5
cupTWOst,spoon_ahhh,3
cupTWOst,tommyaltinnit,16
cupTWOst,tommyinnit,15
cupTWOst,willcreated,6
cupTWOst,youtooz,9
cuptoast,dreamhangout,3
cuptoast,dreamsecretclub,3
cuptoast,dreamwastaken,11
cuptoast,dreamwastaken2,3
cuptoast,honkkarl,6
cuptoast,jschlatt,9
cuptoast,mcLIVESMP,3
cuptoast,nathansmokee,6
cuptoast,pleasedshibe1,3
cuptoast,pokimanelol,6
cuptoast,ppredictors,4
cuptoast,quackity4k,8
cuptoast,ranaltboo,10
cuptoast,sapnap,3
cuptoast,sapnapalt,5
cuptoast,smpupdate,4
cuptoast,sniffalt,3
cuptoast,snifferish,4
cuptoast,spoon_ahhh,3
cuptoast,tommyaltinnit,10
cuptoast,tommyinnit,12
cuptoast,willcreated,3
cuptoast,youtooz,10
discord,dreamwastaken,13
discord,dreamwastaken2,3
discord,elonmusk,10
discord,hannahm130,6
discord,honkkarl,4
discord,jschlatt,8
discord,markiplier,3
discord,mcLIVESMP,7
discord,nathansmokee,4
discord,nebbiiee,15
discord,pisolive,4
discord,pleasedshibe1,21
discord,pokimanelol,5
discord,ppredictors,5
discord,quackity4k,6
discord,ranaltboo,6
discord,realDonaldTrump,4
discord,sapnap,4
discord,sapnapalt,6
discord,sniffalt,5
discord,snifferish,7
discord,spoon_ahhh,5
discord,tommyaltinnit,9
discord,tommyinnit,12
discord,willcreated,3
discord,youtooz,7
dreamhangout,dreamsecretclub,9
dreamhangout,dreamwastaken,24
dreamhangout,dreamwastaken2,8
dreamhangout,honkkarl,14
dreamhangout,jschlatt,7
dreamhangout,nathansmokee,4
dreamhangout,pleasedshibe1,5
dreamhangout,pokimanelol,4
dreamhangout,ppredictors,5
dreamhangout,quackity4k,16
dreamhangout,ranaltboo,14
dreamhangout,realDonaldTrump,3
dreamhangout,sapnap,13
dreamhangout,sapnapalt,16
dreamhangout,smpupdate,8
dreamhangout,sniffalt,5
dreamhangout,snifferish,7
dreamhangout,tommyaltinnit,8
dreamhangout,tommyinnit,20
dreamhangout,youtooz,10
dreamsecretclub,dreamwastaken,24
dreamsecretclub,honkkarl,11
dreamsecretclub,jschlatt,4
dreamsecretclub,mcLIVESMP,3
dreamsecretclub,nathansmokee,6
dreamsecretclub,pleasedshibe1,6
dreamsecretclub,pokimanelol,3
dreamsecretclub,ppredictors,5
dreamsecretclub,quackity4k,18
dreamsecretclub,ranaltboo,14
dreamsecretclub,sapnap,13
dreamsecretclub,sapnapalt,17
dreamsecretclub,smpupdate,10
dreamsecretclub,sniffalt,9
dreamsecretclub,snifferish,8
dreamsecretclub,tommyaltinnit,14
dreamsecretclub,tommyinnit,19
dreamsecretclub,willcreated,4
dreamsecretclub,youtooz,7
dreamwastaken,dreamwastaken2,17
dreamwastaken,elonmusk,12
dreamwastaken,hannahm130,12
dreamwastaken,honkkarl,35
dreamwastaken,jschlatt,25
dreamwastaken,markiplier,10
dreamwastaken,mcLIVESMP,17
dreamwastaken,nathansmokee,20
dreamwastaken,nebbiiee,12
dreamwastaken,pisolive,16
dreamwastaken,pleasedshibe1,39
dreamwastaken,pokimanelol,17
dreamwastaken,ppredictors,18
dreamwastaken,quackity4k,46
dreamwastaken,ranaltboo,45
dreamwastaken,realDonaldTrump,5
dreamwastaken,sapnap,35
dreamwastaken,sapnapalt,45
dreamwastaken,smpupdate,22
dreamwastaken,sniffalt,21
dreamwastaken,snifferish,25
dreamwastaken,spoon_ahhh,20
dreamwastaken,tommyaltinnit,46
dreamwastaken,tommyinnit,68
dreamwastaken,willcreated,17
dreamwastaken,youtooz,25
dreamwastaken2,honkkarl,8
dreamwastaken2,jschlatt,9
dreamwastaken2,nathansmokee,3
dreamwastaken2,pleasedshibe1,4
dreamwastaken2,pokimanelol,6
dreamwastaken2,ppredictors,5
dreamwastaken2,quackity4k,12
dreamwastaken2,ranaltboo,8
dreamwastaken2,realDonaldTrump,3
dreamwastaken2,sapnap,13
dreamwastaken2,sapnapalt,11
dreamwastaken2,smpupdate,3
dreamwastaken2,sniffalt,3
dreamwastaken2,snifferish,5
dreamwastaken2,spoon_ahhh,3
dreamwastaken2,tommyaltinnit,5
dreamwastaken2,tommyinnit,13
dreamwastaken2,youtooz,9
elonmusk,hannahm130,3
elonmusk,honkkarl,3
elonmusk,jschlatt,5
elonmusk,markiplier,5
elonmusk,nebbiiee,10
elonmusk,pleasedshibe1,18
elonmusk,pokimanelol,5
elonmusk,ppredictors,3
elonmusk,quackity4k,5
elonmusk,ranaltboo,4
elonmusk,realDonaldTrump,4
elonmusk,sapnap,3
elonmusk,sapnapalt,5
elonmusk,smpupdate,3
elonmusk,spoon_ahhh,3
elonmusk,tommyaltinnit,7
elonmusk,tommyinnit,11
hannahm130,nathansmokee,3
hannahm130,nebbiiee,10
hannahm130,pleasedshibe1,20
hannahm130,ppredictors,3
hannahm130,quackity4k,5
hannahm130,ranaltboo,4
hannahm130,realDonaldTrump,3
hannahm130,sapnap,4
hannahm130,spoon_ahhh,15
hannahm130,tommyaltinnit,6
hannahm130,tommyinnit,7
hannahm130,willcreated,5
hannahm130,youtooz,4
honkkarl,jschlatt,13
honkkarl,markiplier,4
honkkarl,nathansmokee,4
honkkarl,pisolive,4
honkkarl,pleasedshibe1,13
honkkarl,pokimanelol,6
honkkarl,ppredictors,7
honkkarl,quackity4k,22
honkkarl,ranaltboo,22
honkkarl,realDonaldTrump,3
honkkarl,sapnap,19
honkkarl,sapnapalt,25
honkkarl,smpupdate,12
honkkarl,sniffalt,9
honkkarl,snifferish,13
honkkarl,spoon_ahhh,6
honkkarl,tommyaltinnit,22
honkkarl,tommyinnit,30
honkkarl,willcreated,3
honkkarl,youtooz,12
jschlatt,markiplier,6
jschlatt,mcLIVESMP,4
jschlatt,nathansmokee,6
jschlatt,nebbiiee,6
jschlatt,pisolive,4
jschlatt,pleasedshibe1,8
jschlatt,pokimanelol,6
jschlatt,ppredictors,7
jschlatt,quackity4k,13
jschlatt,ranaltboo,13
jschlatt,sapnap,12
jschlatt,sapnapalt,12
jschlatt,smpupdate,4
jschlatt,sniffalt,7
jschlatt,snifferish,11
jschlatt,spoon_ahhh,4
jschlatt,tommyaltinnit,15
jschlatt,tommyinnit,22
jschlatt,willcreated,4
jschlatt,youtooz,19
markiplier,nebbiiee,4
markiplier,pleasedshibe1,10
markiplier,quackity4k,5
markiplier,ranaltboo,4
markiplier,sapnapalt,4
markiplier,snifferish,4
markiplier,spoon_ahhh,3
markiplier,tommyaltinnit,4
markiplier,tommyinnit,8
markiplier,youtooz,7
mcLIVESMP,nathansmokee,6
mcLIVESMP,nebbiiee,5
mcLIVESMP,pisolive,4
mcLIVESMP,pleasedshibe1,10
mcLIVESMP,quackity4k,3
mcLIVESMP,ranaltboo,7
mcLIVESMP,sapnap,3
mcLIVESMP,sapnapalt,5
mcLIVESMP,snifferish,4
mcLIVESMP,spoon_ahhh,3
mcLIVESMP,tommyaltinnit,12
mcLIVESMP,tommyinnit,12
mcLIVESMP,willcreated,7
mcLIVESMP,youtooz,7
nathansmokee,pisolive,3
nathansmokee,pleasedshibe1,6
nathansmokee,ppredictors,7
nathansmokee,quackity4k,12
nathansmokee,ranaltboo,9
nathansmokee,sapnap,5
nathansmokee,sapnapalt,9
nathansmokee,smpupdate,5
nathansmokee,sniffalt,5
nathansmokee,snifferish,8
nathansmokee,spoon_ahhh,4
nathansmokee,tommyaltinnit,11
nathansmokee,tommyinnit,17
nathansmokee,willcreated,7
nathansmokee,youtooz,8
nebbiiee,pleasedshibe1,46
nebbiiee,pokimanelol,6
nebbiiee,quackity4k,3
nebbiiee,ranaltboo,5
nebbiiee,realDonaldTrump,3
nebbiiee,sapnap,5
nebbiiee,sapnapalt,3
nebbiiee,snifferish,5
nebbiiee,spoon_ahhh,11
nebbiiee,tommyaltinnit,8
nebbiiee,tommyinnit,6
nebbiiee,willcreated,3
nebbiiee,youtooz,7
pisolive,pleasedshibe1,6
pisolive,pokimanelol,3
pisolive,ppredictors,4
pisolive,quackity4k,5
pisolive,ranaltboo,6
pisolive,sapnap,5
pisolive,sapnapalt,3
pisolive,smpupdate,3
pisolive,sniffalt,3
pisolive,snifferish,4
pisolive,tommyaltinnit,9
pisolive,tommyinnit,10
pisolive,willcreated,4
pleasedshibe1,pokimanelol,9
pleasedshibe1,ppredictors,4
pleasedshibe1,quackity4k,18
pleasedshibe1,ranaltboo,21
pleasedshibe1,realDonaldTrump,8
pleasedshibe1,sapnap,13
pleasedshibe1,sapnapalt,16
pleasedshibe1,smpupdate,5
pleasedshibe1,sniffalt,10
pleasedshibe1,snifferish,13
pleasedshibe1,spoon_ahhh,26
pleasedshibe1,tommyaltinnit,23
pleasedshibe1,tommyinnit,27
pleasedshibe1,willcreated,8
pleasedshibe1,youtooz,16
pokimanelol,ppredictors,3
pokimanelol,quackity4k,11
pokimanelol,ranaltboo,8
pokimanelol,realDonaldTrump,3
pokimanelol,sapnap,9
pokimanelol,sapnapalt,12
pokimanelol,smpupdate,4
pokimanelol,sniffalt,5
pokimanelol,snifferish,6
pokimanelol,tommyaltinnit,9
pokimanelol,tommyinnit,15
pokimanelol,youtooz,7
ppredictors,quackity4k,13
ppredictors,ranaltboo,8
ppredictors,sapnap,9
ppredictors,sapnapalt,9
ppredictors,smpupdate,7
ppredictors,sniffalt,8
ppredictors,snifferish,8
ppredictors,spoon_ahhh,3
ppredictors,tommyaltinnit,13
ppredictors,tommyinnit,15
ppredictors,youtooz,6
quackity4k,ranaltboo,29
quackity4k,realDonaldTrump,4
quackity4k,sapnap,27
quackity4k,sapnapalt,37
quackity4k,smpupdate,16
quackity4k,sniffalt,17
quackity4k,snifferish,19
quackity4k,spoon_ahhh,9
quackity4k,tommyaltinnit,27
quackity4k,tommyinnit,42
quackity4k,youtooz,14
ranaltboo,sapnap,19
ranaltboo,sapnapalt,26
ranaltboo,smpupdate,13
ranaltboo,sniffalt,20
ranaltboo,snifferish,17
ranaltboo,spoon_ahhh,8
ranaltboo,tommyaltinnit,32
ranaltboo,tommyinnit,35
ranaltboo,willcreated,6
ranaltboo,youtooz,23
realDonaldTrump,sapnap,5
realDonaldTrump,sapnapalt,5
realDonaldTrump,spoon_ahhh,3
realDonaldTrump,tommyinnit,6
sapnap,sapnapalt,30
sapnap,smpupdate,11
sapnap,sniffalt,10
sapnap,snifferish,12
sapnap,spoon_ahhh,5
sapnap,tommyaltinnit,19
sapnap,tommyinnit,31
sapnap,youtooz,16
sapnapalt,smpupdate,16
sapnapalt,sniffalt,15
sapnapalt,snifferish,16
sapnapalt,spoon_ahhh,4
sapnapalt,tommyaltinnit,23
sapnapalt,tommyinnit,40
sapnapalt,youtooz,14
smpupdate,sniffalt,5
smpupdate,snifferish,6
smpupdate,tommyaltinnit,12
smpupdate,tommyinnit,18
smpupdate,youtooz,6
sniffalt,snifferish,16
sniffalt,spoon_ahhh,4
sniffalt,tommyaltinnit,17
sniffalt,tommyinnit,18
sniffalt,youtooz,9
snifferish,spoon_ahhh,3
snifferish,tommyaltinnit,19
snifferish,tommyinnit,23
snifferish,willcreated,5
snifferish,youtooz,13
spoon_ahhh,tommyaltinnit,11
spoon_ahhh,tommyinnit,12
spoon_ahhh,willcreated,5
spoon_ahhh,youtooz,7
tommyaltinnit,tommyinnit,40
tommyaltinnit,willcreated,8
tommyaltinnit,youtooz,21
tommyinnit,willcreated,9
tommyinnit,youtooz,26
willcreated,youtooz,4
